file,style_target,retrieval_method,alpha,style_strength_calibrated__n,style_strength_calibrated__n_valid,style_strength_calibrated__mean,style_strength_calibrated__median,style_strength_calibrated__trimmed10,style_strength_calibrated__min,style_strength_calibrated__max,style_strength_calibrated__sd,style_accuracy__n,style_accuracy__n_valid,style_accuracy__mean,style_accuracy__median,style_accuracy__trimmed10,style_accuracy__min,style_accuracy__max,style_accuracy__sd,content_preservation__n,content_preservation__n_valid,content_preservation__mean,content_preservation__median,content_preservation__trimmed10,content_preservation__min,content_preservation__max,content_preservation__sd,fluency_ppl__n,fluency_ppl__n_valid,fluency_ppl__mean,fluency_ppl__median,fluency_ppl__trimmed10,fluency_ppl__min,fluency_ppl__max,fluency_ppl__sd,fluency_ppl__n_degenerate,fluency_ppl__pct_degenerate,replication_rate_8__n,replication_rate_8__n_valid,replication_rate_8__mean,replication_rate_8__median,replication_rate_8__trimmed10,replication_rate_8__min,replication_rate_8__max,replication_rate_8__sd,content_preservation_LaBSE__n,content_preservation_LaBSE__n_valid,content_preservation_LaBSE__mean,content_preservation_LaBSE__median,content_preservation_LaBSE__trimmed10,content_preservation_LaBSE__min,content_preservation_LaBSE__max,content_preservation_LaBSE__sd,content_preservation_mE5__n,content_preservation_mE5__n_valid,content_preservation_mE5__mean,content_preservation_mE5__median,content_preservation_mE5__trimmed10,content_preservation_mE5__min,content_preservation_mE5__max,content_preservation_mE5__sd,n_output_error,pct_output_error,pct_eos_reached,n_retrieval_fallback
evaluated_v2_AAKER_competence_fewshot_bm25_5_seed42_results.csv,competence,bm25,,500,500,0.22822730256999998,0.015382366,0.16387872561875,0.008278613,0.96348464,0.37113309147648826,500,500,0.23,0.0,0.1625,0.0,1.0,0.42125397306095436,500,500,0.660731185471639,0.7336306273937225,0.6937562763690949,-0.0725024193525314,0.9711970090866088,0.24081255429603168,500,500,371.4029777916268,75.92664230988191,105.63012388675622,9.360128479147358,38612.33177975824,2047.5322345955326,22,4.4,500,500,0.030614767158435353,0.0,0.0,0.0,1.0,0.13096451994994912,500,500,0.7099055261015892,0.7617788314819336,0.7408157059550285,-0.0407357402145862,0.9950387477874756,0.20510957396857837,500,500,0.9146563159227371,0.9245240688323975,0.9206891007721424,0.7318118214607239,0.9974600076675416,0.053654678703236466,0,0.0,84.6,0
evaluated_v2_AAKER_competence_fewshot_centroid_5_seed42_results.csv,competence,centroid,,500,500,0.818434366268,0.9619508699999999,0.9010671226725,0.009515006,0.9633939,0.3281844604380977,500,500,0.85,1.0,0.9375,0.0,1.0,0.3574290293499453,500,500,0.36231173741444944,0.3041656017303467,0.3453905416559428,-0.1615441590547561,0.9796761274337769,0.271308146614577,500,500,50.23432110988803,34.41296528915185,37.826288890669986,14.25962445827714,1224.4769713871826,71.89840818642045,1,0.2,500,500,0.1879909962027499,0.0833333333333333,0.1552430758009399,0.0,1.0,0.2147373156537001,500,500,0.39053789390437305,0.332782506942749,0.3708083649352193,-0.0896639302372932,0.992318034172058,0.26377358542123563,500,500,0.8499152354001999,0.8413519859313965,0.8462487882375718,0.7212768197059631,0.9983759522438048,0.0663052818836424,0,0.0,19.6,0
evaluated_v2_AAKER_competence_fewshot_dense_5_seed42_results.csv,competence,dense,,500,500,0.165365521039,0.014196199,0.08604711654875001,0.008203722,0.9631119,0.32333167955034825,500,500,0.162,0.0,0.0775,0.0,1.0,0.3688198152380434,500,500,0.7156241680346429,0.7599160373210907,0.7348117056488991,0.0279401820152997,0.9999999403953552,0.17753551295523542,500,500,3518185.2850482324,83.44335305835105,159.36310555779414,9.66361236272911,1732611791.3671834,77486639.95600118,51,10.2,500,500,0.009132023890088405,0.0,0.0,0.0,1.0,0.07174035194385522,500,500,0.7157661900222302,0.7697990834712982,0.7432059116661549,0.0349623560905456,1.0,0.19543691611059533,500,500,0.9183587081432343,0.9291490018367767,0.9228912480175495,0.7539691925048828,1.0,0.04785309926318592,0,0.0,89.4,0
evaluated_v2_AAKER_competence_fewshot_hybrid_early_alpha0.1_5_seed42_results.csv,competence,hybrid_early,0.1,500,500,0.83437415929,0.962179,0.9203505654874999,0.009505529,0.9633271,0.31324640254518044,500,500,0.864,1.0,0.955,0.0,1.0,0.34313186817594754,500,500,0.3951471118340269,0.3542711585760116,0.3843715169839561,-0.126490831375122,0.9796761274337769,0.26350468842357405,500,500,73.26473612205936,34.70598417097038,41.538856165883246,14.943370254625686,5514.336314949035,283.27987340383254,3,0.6,500,500,0.33860993856659366,0.20526315789473681,0.300097854698846,0.0,1.0,0.3521457979891882,500,500,0.4208894695620984,0.3682564347982406,0.41064727153629066,-0.074673593044281,0.9676231145858764,0.26908693975856646,500,500,0.8537688797712326,0.8482977151870728,0.8513582699000836,0.7287551164627075,0.9965929985046388,0.07072495845092067,0,0.0,8.2,0
evaluated_v2_AAKER_competence_fewshot_hybrid_early_alpha0.3_5_seed42_results.csv,competence,hybrid_early,0.3,500,500,0.810855356542,0.9619025,0.8915725813399998,0.00913557,0.9634219,0.33302652974838215,500,500,0.842,1.0,0.9275,0.0,1.0,0.36510629303042813,500,500,0.48791872927360236,0.5017801523208618,0.48778869546949866,-0.0526847131550312,0.9882689714431764,0.2547008608105114,500,500,106.28797654803788,48.41217286055889,64.14930461809998,9.602440165310355,3563.2919228057485,222.02017561465289,4,0.8,500,500,0.22004791512725985,0.0,0.1634277638975742,0.0,1.0,0.3046172389443686,500,500,0.4974175360389054,0.49351969361305237,0.4995122680440545,-0.0465689785778522,0.9755956530570984,0.2701937596750688,500,500,0.8714124393463135,0.8742148280143738,0.8713887867331505,0.7180073261260986,0.9950610995292664,0.06849734179989242,0,0.0,22.0,0
evaluated_v2_AAKER_competence_fewshot_hybrid_early_alpha0.5_5_seed42_results.csv,competence,hybrid_early,0.5,500,500,0.49814000863599994,0.67357305,0.5010789501974999,0.007812643,0.96353245,0.45314458341747227,500,500,0.514,1.0,0.5175,0.0,1.0,0.5003045164881453,500,500,0.6510048405528068,0.6926015615463257,0.6681728921085596,-0.0166726522147655,1.0,0.21481740252423293,500,500,7391.21158081502,74.09623504342613,122.85236760528063,10.522242040311054,3168790.813443023,141828.41263980916,40,8.0,500,500,0.054631620693573336,0.0,0.004533887250418834,0.0,1.0,0.17322431677994282,500,500,0.6656983661409468,0.7109050750732422,0.6875248638540506,-0.0154379792511463,1.0,0.21576342181572802,500,500,0.9069081486463547,0.915757417678833,0.9111630345880986,0.7194496393203735,1.000000238418579,0.053760844358531165,0,0.0,66.6,0
evaluated_v2_AAKER_competence_fewshot_hybrid_early_alpha0.7_5_seed42_results.csv,competence,hybrid_early,0.7,500,500,0.24155571562,0.016966388,0.18060875228875,0.008298982,0.9631793,0.37987865407199223,500,500,0.244,0.0,0.18,0.0,1.0,0.4299228620748952,500,500,0.7111475958973169,0.7489292323589325,0.7279085534065962,0.0623318031430244,0.9999999403953552,0.1784869473587185,500,500,3479179.765013428,73.58201822650123,147.79508529138366,7.935043405386406,1732611791.3671834,77484478.16115586,50,10.0,500,500,0.018599655469538876,0.0,0.0,0.0,1.0,0.10603111326442677,500,500,0.7137547138333321,0.7631960809230804,0.7372248225659132,0.096121996641159,1.0,0.18659664627786307,500,500,0.9178578913211822,0.9263564348220825,0.922237759232521,0.7686318159103394,0.9999999403953552,0.04701142604003076,0,0.0,84.4,0
evaluated_v2_AAKER_competence_fewshot_hybrid_early_alpha0.9_5_seed42_results.csv,competence,hybrid_early,0.9,500,500,0.19862567324,0.014648771500000001,0.12737653271625,0.007812712,0.9631119,0.35377736659643855,500,500,0.2,0.0,0.125,0.0,1.0,0.4004006010017532,500,500,0.7171557317823172,0.7601767182350159,0.7369642398506403,0.0159828290343284,0.9999999403953552,0.17939885523662513,500,500,3495891.9913681387,83.70576388575901,163.1538518020337,9.66361236272911,1732611791.3671834,77485533.04742442,57,11.4,500,500,0.00858899171004434,0.0,0.0,0.0,1.0,0.07468973029048473,500,500,0.7189131076410413,0.7692493200302124,0.7440314220637083,0.0351426340639591,1.0,0.18934600615880284,500,500,0.9194794858694076,0.9290278255939484,0.9237517201900483,0.7695300579071045,1.0,0.046500305517779526,0,0.0,89.0,0
evaluated_v2_AAKER_competence_fewshot_random_5_seed42_results.csv,competence,random,,500,500,0.29032330300900006,0.024281145,0.24147177875625003,0.008141344,0.96298164,0.3959420266846371,500,500,0.298,0.0,0.2475,0.0,1.0,0.45783755903259166,500,500,0.6037700773645193,0.6602078676223755,0.6254871650785208,-0.1465493440628051,0.9625946879386902,0.24583634233766016,500,500,203.6892147477612,64.39392457449472,80.29317787842494,8.65528798283528,17768.88074856754,996.204609446528,10,2.0,500,500,0.009347504502671845,0.0,0.0,0.0,1.0,0.07781392474245886,500,500,0.6750528074093163,0.727533757686615,0.7031623429059982,-0.0354012958705425,0.9846678972244264,0.2162311947480245,500,500,0.9033334224224091,0.9122397005558014,0.9081072247028351,0.7481279969215393,0.990014910697937,0.054679961514986004,0,0.0,88.4,0
evaluated_v2_AAKER_competence_fewshot_zero_shot_5_seed42_results.csv,competence,zero_shot,,500,500,0.222775180411,0.042424624999999994,0.1638797655775,0.009392452,0.95861644,0.3105736532121843,500,500,0.222,0.0,0.1525,0.0,1.0,0.41600736081047535,500,500,0.388448519565165,0.3908616006374359,0.3869528429210186,-0.1399189978837967,1.0,0.22951407247316682,500,500,3466916.1525735334,23.882267953265547,31.033016513283556,1.155431515310126,1732611791.3671834,77484683.68696843,17,3.4,500,500,0.0,0.0,0.0,0.0,0.0,0.0,500,500,0.48038711489550767,0.48484693467617035,0.48405177764594554,-0.0227275025099515,1.0,0.19430429437007188,500,500,0.8460923482179642,0.8414689600467682,0.8443440912663936,0.7195509076118469,1.0,0.049919062445316464,0,0.0,92.4,0
evaluated_v2_AAKER_excitement_fewshot_bm25_5_seed42_results.csv,excitement,bm25,,500,500,0.225304566465,0.014473257,0.16132774700750002,0.007819555,0.95863396,0.36251627332078756,500,500,0.228,0.0,0.16,0.0,1.0,0.41996278105916707,500,500,0.7149275347776711,0.7611562609672546,0.7382737788558006,-0.0279179345816373,1.0,0.18700374945171308,500,500,13069.506724205601,77.06462396228233,139.5391937071863,12.13435953542994,5907486.905621141,264260.58573249803,46,9.2,500,500,0.022707376286292425,0.0,0.0,0.0,0.8,0.10175048087320779,500,500,0.7564397714734078,0.7998290657997131,0.77899119541049,0.1122203171253204,1.0,0.1674090039487658,500,500,0.9303453738689422,0.940253585577011,0.9353122833371162,0.7545363306999207,1.0000001192092896,0.044537690192609086,0,0.0,72.2,0
evaluated_v2_AAKER_excitement_fewshot_centroid_5_seed42_results.csv,excitement,centroid,,500,500,0.26229126636700006,0.0192025085,0.207241808995,0.008627613,0.9582162,0.380643039122114,500,500,0.274,0.0,0.2175,0.0,1.0,0.44645564761864215,500,500,0.6463111006692052,0.6929608583450317,0.6678162859380246,0.0531891472637653,0.9433971047401428,0.18926810419953569,500,500,116.67836690368748,71.32809550317768,84.15501938495323,10.59191496562988,1855.3008319810804,168.40874710775813,5,1.0,500,500,0.0015816029654549418,0.0,0.0,0.0,0.6296296296296297,0.028579961217893888,500,500,0.7128760303705931,0.7505542039871216,0.7327340060472488,0.1234407499432563,0.9328807592391968,0.14797733612866837,500,500,0.9151707353591919,0.9238827228546143,0.9197014133632183,0.7602998614311218,0.9819283485412598,0.042053007858551546,0,0.0,100.0,0
evaluated_v2_AAKER_excitement_fewshot_dense_5_seed42_results.csv,excitement,dense,,500,500,0.260059192168,0.016899736,0.2044480235175,0.008045416,0.95827085,0.3885640835016559,500,500,0.262,0.0,0.2025,0.0,1.0,0.4401630231788534,500,500,0.7487990074157714,0.7753902077674866,0.7623729638755321,0.2085358202457428,1.0,0.14404664249726912,500,500,102394.92217897688,67.71564930089491,134.92489458517088,9.401231331845285,36982055.80161683,1680623.7240000952,49,9.8,500,500,0.024858111259412577,0.0,0.0,0.0,1.0,0.11711993445806865,500,500,0.7544935534447431,0.7948902249336243,0.7780256919562817,0.043745644390583,1.0,0.1648231757818433,500,500,0.9306806020736694,0.9389874637126923,0.9359032641351223,0.7615530490875244,1.0,0.04343752820566252,0,0.0,67.8,0
evaluated_v2_AAKER_excitement_fewshot_hybrid_early_alpha0.1_5_seed42_results.csv,excitement,hybrid_early,0.1,500,500,0.3224546773372,0.034758164,0.28226877162375,0.0077026356,0.95854324,0.4066964032129306,500,500,0.33,0.0,0.2875,0.0,1.0,0.47068363703483973,500,500,0.634914133861661,0.6771789789199829,0.6552024922519922,-0.0780857652425766,0.9402240514755248,0.19201493132812256,500,500,220.36624724103336,76.98409376229594,91.96412803177964,12.001141886203383,19613.962489216286,1067.8670898976761,14,2.8,500,500,0.027767296134790783,0.0,5.9523809523809503e-05,0.0,1.0,0.12086517246811906,500,500,0.6877096390724182,0.730106383562088,0.7056546319276095,0.1316996961832046,0.9965044260025024,0.1633048802040266,500,500,0.9129527471065522,0.9219207763671874,0.9167150595784187,0.7443653345108032,0.9948039054870604,0.04483033621895157,0,0.0,84.8,0
evaluated_v2_AAKER_excitement_fewshot_hybrid_early_alpha0.3_5_seed42_results.csv,excitement,hybrid_early,0.3,500,500,0.336220665508,0.0368780995,0.29941990475125,0.008303235,0.95871043,0.41491188587961614,500,500,0.34,0.0,0.3,0.0,1.0,0.4741831918138786,500,500,0.679308068268001,0.7089125514030457,0.6979450918734074,-0.043872345238924,1.0,0.180649539088126,500,500,109518.95971635042,86.51497082886885,111.99349066412542,11.610521209457792,39094376.12610013,1819181.9487869295,32,6.4,500,500,0.0342718838404358,0.0,0.0,0.0,1.0,0.141343407729295,500,500,0.718564936183393,0.7569332718849182,0.7371908360719681,0.0231364108622074,1.0,0.16155368046076,500,500,0.9200860732793807,0.9259201288223267,0.9236689433455467,0.7713862061500549,1.0,0.04258025027728797,0,0.0,67.8,0
evaluated_v2_AAKER_excitement_fewshot_hybrid_early_alpha0.5_5_seed42_results.csv,excitement,hybrid_early,0.5,500,500,0.295637455041,0.022024771999999998,0.24873214873749996,0.007896306,0.958296,0.4045177331648116,500,500,0.3,0.0,0.25,0.0,1.0,0.45871651559908616,500,500,0.7131172575503588,0.7463746070861816,0.731846190020442,0.0806307643651962,1.0,0.17207768449139957,500,500,19140801.521890476,83.73340034926494,124.86600373580812,6.904155126624839,9548523811.55777,427021418.74536014,42,8.4,500,500,0.02790270393075964,0.0,0.0,0.0,1.0,0.11644930368339092,500,500,0.7389558646380902,0.7732871770858765,0.758792152106762,0.1211019456386566,1.0000001192092896,0.16112701612361918,500,500,0.9252725102901459,0.934160977602005,0.929712949693203,0.7564792633056641,1.0000001192092896,0.04368585038377326,0,0.0,67.0,0
evaluated_v2_AAKER_excitement_fewshot_hybrid_early_alpha0.7_5_seed42_results.csv,excitement,hybrid_early,0.7,500,500,0.303165096287,0.019854306500000002,0.25819206999125005,0.008232798,0.9584509,0.4103578201911937,500,500,0.31,0.0,0.2625,0.0,1.0,0.4629564313352059,500,500,0.7349366723299027,0.7743515074253082,0.7517605966329575,0.1299101859331131,1.0,0.15947002005497946,500,500,24655.7173084087,72.87479194286402,122.8432751362228,7.08611949500056,7099829.728789078,337324.06326023996,48,9.6,500,500,0.0365545717484096,0.0,0.0,0.0,1.0,0.1455181000072662,500,500,0.7416503140181303,0.7827968299388885,0.7665444213151932,0.0381364151835441,1.000000238418579,0.17241235502868882,500,500,0.9266437628269195,0.93549183011055,0.9315758188068867,0.6997098326683044,1.0000001192092896,0.04569058257247474,0,0.0,66.0,0
evaluated_v2_AAKER_excitement_fewshot_hybrid_early_alpha0.9_5_seed42_results.csv,excitement,hybrid_early,0.9,500,500,0.2695449386354,0.017006405000000002,0.2162264407025,0.0078058797,0.9584509,0.39623404681789764,500,500,0.272,0.0,0.215,0.0,1.0,0.44543554601233004,500,500,0.7484592207968235,0.7744168043136597,0.7603173120319844,0.2359529882669448,1.0,0.1416994691093728,500,500,7787791263.225542,72.71673075370308,129.076006016882,7.859936640312168,3893871838827.616,174139240414.4462,47,9.4,500,500,0.02765346157059497,0.0,0.0,0.0,1.0,0.12140170622086195,500,500,0.7580708368271589,0.7890858948230743,0.7799025213718415,0.0699346512556076,1.000000238418579,0.16044284546602225,500,500,0.9303818798065185,0.9381909370422363,0.9353218530118466,0.7645677924156189,1.0000001192092896,0.04380026840704214,0,0.0,67.6,0
evaluated_v2_AAKER_excitement_fewshot_random_5_seed42_results.csv,excitement,random,,500,500,0.15958212792399998,0.0142467165,0.08345758954375,0.00866687,0.95689124,0.2983673123103654,500,500,0.154,0.0,0.0675,0.0,1.0,0.36131024090158403,500,500,0.6353505766056478,0.680345743894577,0.6562832602113485,-0.0643177926540374,1.0,0.20402463760596676,500,500,19193.61644292633,89.21210689007597,136.7508904940779,11.509364527519653,6705272.866865098,316335.45676522894,35,7.0,500,500,0.0010909090909090907,0.0,0.0,0.0,0.5454545454545454,0.024393468845452255,500,500,0.7075658317357302,0.7580628097057343,0.7312116724997759,0.0310601219534873,1.0000001192092896,0.1686032725501604,500,500,0.9128375525474548,0.9236295521259308,0.918180039525032,0.7313809990882874,1.0,0.045298932407274596,0,0.0,94.2,0
evaluated_v2_AAKER_excitement_fewshot_zero_shot_5_seed42_results.csv,excitement,zero_shot,,500,500,0.06904945099759999,0.014329333,0.020108138317499996,0.0075160298,0.95490754,0.17940380601207434,500,500,0.058,0.0,0.0,0.0,1.0,0.23397754375572866,500,500,0.42013536107167604,0.4487272948026657,0.4228048497624695,-0.1071194857358932,1.0,0.2257097689213299,500,500,4039287.47255104,21.16188223183666,26.08083464488259,1.1470547144243173,1732611791.3671834,78513294.16617915,13,2.6,500,500,0.0,0.0,0.0,0.0,0.0,0.0,500,500,0.5311054424345494,0.556548535823822,0.540420479401946,-0.0265089534223079,1.0,0.1973566100607238,500,500,0.8596362451314926,0.8642759919166565,0.8596839429438115,0.7408706545829773,1.0,0.05230671287199173,0,0.0,92.6,0
