model_id,original_style,style_target,retrieval_method,alpha,original_message,paraphrased_message,is_human_eval
google/gemma-3-4b-it,formal,informal,hybrid_early,0.5,"admin , mengapa dm saya belum di respon - respons ? sudah xxxnumberxxx hari admin .","min , kenapa dm saya belum di respon - respons ? sudah xxxnumberxxx hari admin .",False
google/gemma-3-4b-it,formal,informal,hybrid_early,0.5,yang lebih cepat dari gundala itu munculnya tukang parkir indomaret secara tiba - tiba .,"""yang lebih cepet munculnya tukang parkir indomaret tuh tiba tiba gitu sih.""",True
google/gemma-3-4b-it,formal,informal,hybrid_early,0.5,seberapa kamu ? : besok mau kondangan temen sd saya : terus ? : saya make batiknya dari sekarang !,""": seberapa kamu? : besok mau kondangan temen sd gw : terus? : gw pake batiknya dari sekarang!""",False
google/gemma-3-4b-it,formal,informal,hybrid_early,0.5,"halo jne . resi xxxnumberxxx , status awal sudah sama kurir . setelah itu berganti menjadi transfer to another courier . bagaimana maksudnya itu ?","halo jne , resi xxxnumberxxx , status awal sama kurir , udah ke transfer ke kurir lain , gmna itu ya?",False
google/gemma-3-4b-it,formal,informal,hybrid_early,0.5,"halo xxxuserxxx , aplikasi grab di iphone se saya kenapa jadi berat sekali ? apalagi kalau pesan grabfood sering hang .","halo xxxuserxxx , grab di iphone saya jadi lemot banget apalagi pas pesen grabfood sering ngehang nih.",False
google/gemma-3-4b-it,formal,informal,hybrid_early,0.5,"halo admin xxxuserxxx , apakah masih diperlukan surat kehilangan dari polsek / polres untuk mengurus kartu atm yang hilang ?","min, tolong cek jb +xxxnumberxxx , kok atm hilang gak ada statusnya ya?",False
google/gemma-3-4b-it,formal,informal,hybrid_early,0.5,xxxnumberxxx ribu ikhlaskan saja kak hehe . mumpung lagi hari jumat . kasihan nanti drivernya terkena peringatan . mungkin drivernya mengira itu uang tip . hehe .,"“nih, kak, xxxnumberxxx ribu udah diikhlaskan aja. mumpung jumat, biar drivernya gak knalpot hehe. kayaknya dia kira itu tip, deh.”",True
google/gemma-3-4b-it,formal,informal,hybrid_early,0.5,sekembalinya ke rumah serasa masuk gua lagi . sinyal hilang - hilangan .,"gpp ya min , sinyal hilang terus , gak bisa telp / sms / internetan lagi",True
google/gemma-3-4b-it,formal,informal,hybrid_early,0.5,"admin , undang jadi start seller dong . syarat - syarat sudah terkumpul . hahaha .","min, udah di submit gak nih aplikasi start seller nya? hahaha.",True
google/gemma-3-4b-it,formal,informal,hybrid_early,0.5,senang melihatnya . ub bukanlah ub tanpa pria ini . legenda !,"halo min , senang bgt liatnya . ub gak bisa ub tanpa pria ini , legenda banget!",False
google/gemma-3-4b-it,formal,informal,hybrid_early,0.5,ini nomor rekening saya xxxnumberxxx . mohon untuk diperiksa kembali mengapa transaksi tidak dapat diproses . padahal saldonya sudah terpotong .,"“ini nomor rekening saya xxxnumberxxx. mohon cek ulang kenapa transaksi gak bisa diproses, padahal saldo udah kepotong.”",False
google/gemma-3-4b-it,formal,informal,hybrid_early,0.5,"untungnya aku download aplikasi gojek hahaha , terima kasih .","“akhirnya bisa nih min , gojeknya udah di download . makasih banget”",False
google/gemma-3-4b-it,formal,informal,hybrid_early,0.5,di busway dan tol bisa normal digunakan atau untuk naik komuter agak berbeda ? mohon infonya . sayang saldo flazz saya kalau dianggap kadaluarsa .,"min, busway sama tol udah normal, atau komuter beda ya? mohon info, saldo flazz saya takut kadaluarsa nih.",False
google/gemma-3-4b-it,formal,informal,hybrid_early,0.5,"halo xxxuserxxx , status kiriman saya damage case apa maksudnya ? nomor resi : xxxnumberxxx , mohon pencerahannya .","halo xxxuserxxx, status kiriman saya damage case itu maksudnya apa ya? no resi : xxxnumberxxx, tolong pencerahannya.",False
google/gemma-3-4b-it,formal,informal,hybrid_early,0.5,"berisik ! betulkan dulu jaringan yang katanya "" prioritas .","“kok lemot sih, jaringan katanya prioritas gitu?!”",False
google/gemma-3-4b-it,formal,informal,hybrid_early,0.5,"admin , saya juga tidak dapat kode verifikasi untuk masuk aplikasi myim3 . itu bagaimana ?","min, saya gak bisa kode verifikasi masuk app myim3 , gimana ya?",False
google/gemma-3-4b-it,formal,informal,hybrid_early,0.5,ini ada di menu apa ?,"min , ini ada di menu apa ya?",False
google/gemma-3-4b-it,formal,informal,hybrid_early,0.5,"admin , ini tidak bisa beli paket . ayo ! xxxnumberxxx menit lagi paketku habis .","min, ini gak bisa beli paket. ayo! xxxnumberxxx menit lagi paketku habis.",False
google/gemma-3-4b-it,formal,informal,hybrid_early,0.5,mengapa xxxnumberxxx minggu ini lambatnya makin parah ?,"min , kok minggu ini makin lambatnya parah ?",False
google/gemma-3-4b-it,formal,informal,hybrid_early,0.5,"apakah sedang gangguan ? mengapa paket tiba - tiba tidak dapat diperbaharui otomatis ? ingin mengganti paket , namun tidak bisa .","min , paketku kok tiba2 gak bisa diperbaharuin ya? mau ganti paket juga gak bisa. tolong di-fix dong 🙏",False
google/gemma-3-4b-it,formal,informal,hybrid_early,0.5,halo kak . saya telah mengirimkan dm terkait kendala aktivasi . tolong dibuka . terima kasih .,"min, udah gue dm soal kendala aktivasi, tolong dibuka dong. makasih.",False
google/gemma-3-4b-it,formal,informal,hybrid_early,0.5,"halo maaf mau tanya , handphone saya tiba - tiba kartunya no service . itu kenapa ? minta tolong bantuannya kak . terima kasih .","halo , maaf nih , hpku tiba2 kartunya no service . kenapa ya ? tolong bantuannya kak . makasih",False
google/gemma-3-4b-it,formal,informal,hybrid_early,0.5,saya sudah dm kak . mohon segera ditangani .,"sudah saya dm , mohon segera ditangani.",True
google/gemma-3-4b-it,formal,informal,hybrid_early,0.5,yang pasti lebih cepat ant - man dan spiderman . maksudnya lebih cepat tayang di bioskop hahaha .,yg pasti ant man n spiderman lbh cepet tayang di bioskop ya hahaha,True
google/gemma-3-4b-it,formal,informal,hybrid_early,0.5,jam xxxnumberxxx atau jam xxxnumberxxx masih ada tidak admin ?,jam xxxnumberxxx atau jam xxxnumberxxx masih ada gak min?,False
google/gemma-3-4b-it,formal,informal,hybrid_early,0.5,"oh , oke , terima kasih banyak infonya .","oh , oke kak . makasih banyak infonya",False
google/gemma-3-4b-it,formal,informal,hybrid_early,0.5,saya sudah menghubungi pusat panggilan xxxnumberxxx untuk menaikan batas dan menanyakan data saya . dan itu benar . mengapa data di admin twitter berbeda ?,"min, udah hubungin pusat panggilan xxxnumberxxx buat naikin batas sama nanya data, bener banget. tapi kok data di twitter adminnya beda ya?",True
google/gemma-3-4b-it,formal,informal,hybrid_early,0.5,"admin , kalau paket saya diselesaikan ( status sudah diterima ) padahal belum , itu bagaimana ?","min, kok paket saya diselesaikan (status udah diterima) padahal belum sih gitu?",False
google/gemma-3-4b-it,formal,informal,hybrid_early,0.5,"terima kasih , paten sekali telkomsel xxxnumberxxx gb xxxnumberxxx rupiah .","terimakasih , paten sekali telkomsel xxxnumberxxx gb xxxnumberxxx rupiah",True
google/gemma-3-4b-it,formal,informal,hybrid_early,0.5,admin xxxuserxxx kenapa sekarang minimal transaksi harus besar begini ? jadi semakin susah dapat cashback .,"min , kenapa sekarang transaksi minimalnya gede gini sih ? makin susah dapet cashback .",False
google/gemma-3-4b-it,formal,informal,hybrid_early,0.5,nangis admin . saya mau booking pesawat saja susah banget dari tadi . bagaiamana mau booking jika wa saja pending .,"min, kok susah banget mau booking pesawat sih dari tadi? wa juga masih pending gitu, gimana ya min?",False
google/gemma-3-4b-it,formal,informal,hybrid_early,0.5,delman / andong dan becak di jogja tidak dijadikan partner xxxuserxxx ?,“delman/andong sama becak di jogja gak jadi temanan xxxuserxxx sih”,False
google/gemma-3-4b-it,formal,informal,hybrid_early,0.5,"admin , mengapa aku terpotong pulsa xxxnumberxxx saat dapat bonus xxxnumberxxx g ? aneh .","""min, kok pulsa aku xxxnumberxxx ilang pas dapet bonus xxxnumberxxx gitu? aneh banget.""",False
google/gemma-3-4b-it,formal,informal,hybrid_early,0.5,admin mau komplain atas pesanan bagaimana ? mau dm tapi tidak bisa .,"“min, mau komplain soal pesanan gimana nih? pengen dm tapi gak bisa.”",False
google/gemma-3-4b-it,formal,informal,hybrid_early,0.5,xxxnumberxxx xxxnumberxxx hari seperti ini . ke bsd saja bermasalah . mengapa ya ?,"min, xxxnumberxxx hari kek gini. bsdnya kok bermasalah ya?",False
google/gemma-3-4b-it,formal,informal,hybrid_early,0.5,berapa lama untuk verifikasi go - pay ? sudah xxxnumberxxx hari kak .,“berapa lama ya buat verifikasi go-pay? udah xxxnumberxxx hari nih.”,True
google/gemma-3-4b-it,formal,informal,hybrid_early,0.5,selamat malam admin xxxuserxxx xxxuserxxx . apakah m - banking sedang ada gangguan ? mengapa sulit sekali untuk transfer ?,"halo admin , kok transfer susah banget ya ? nomor saya xxxuserxxx , ada gangguan m-banking gak nih?",False
google/gemma-3-4b-it,formal,informal,hybrid_early,0.5,mengapa sih xxxuserxxx diteleponn tidak bisa - bisa terus ? apakah sesibuk itu ? ini aku mau login m - banking tidak bisa . aku harus bagaimana ?,"min, kenapa sih nomor xxxuserxxx gak bisa² ditelepon terus? aku mau login mbanking tapi gak bisa nih, aku kudu piye?",False
google/gemma-3-4b-it,formal,informal,hybrid_early,0.5,dari pagi pemesanan grabbike dan grabfood tidak dapat driver . lagi gangguan atau bagaimana ojolnya wilayah jogja ?,"“dari pagi pesen grabbike sama grabfood gak bisa dapet driver, ada gangguan apa gak sih nih ojol di jogja?”",False
google/gemma-3-4b-it,formal,informal,hybrid_early,0.5,"saya ada kiriman dari inggris , statusnya sekarang ' unsuccessfull delivery ' pada tanggal xxxnumberxxx agustus xxxnumberxxx . kira - kira kapan dilakukan pengiriman ulang ke rumah saya ?","halo, paket dari inggris, tanggal xxxnumberxxx agustus xxxnumberxxx statusnya unsuccessfull delivery, kapan di kirim lg ke rumah?",False
google/gemma-3-4b-it,formal,informal,hybrid_early,0.5,"itu sudah tahu , tapi masih saja error begitu .","“udah tau tuh min, masih aja error aja”",False
google/gemma-3-4b-it,formal,informal,hybrid_early,0.5,"admin , mengapa hadiahnya belum dikirim ? hahaha .","“min, kok hadiahnya blm dikirim sih? wkwk”",False
google/gemma-3-4b-it,formal,informal,hybrid_early,0.5,"argh . maaf min , tadi hanya bercanda . tolong jangan laporkan pada twitter .","min , maaf tadi cuma bercanda , jangan dilaporkan ke twitter yaa",False
google/gemma-3-4b-it,formal,informal,hybrid_early,0.5,"bila ada daftar kontaknya , tolong dibagikan linknya min .","min, tolong share linknya kalau ada daftar kontaknya ya. makasih!",False
google/gemma-3-4b-it,formal,informal,hybrid_early,0.5,kemana - mana pakai grab dan saat sedang ada promo lebih cepat dari,"kok lamaaaa banget pas mau pesen grab, pas ada promo lebih cepet sih.",False
google/gemma-3-4b-it,formal,informal,hybrid_early,0.5,saya mencoba restoran lain juga sama . jadi bagaimana ini sistemnya ?,"“kok gini ya? saya coba restoran lain juga sama, gimana tuh sistemnya?”",False
google/gemma-3-4b-it,formal,informal,hybrid_early,0.5,"admin xxxuserxxx , top up unlimited kenapa selalu gagal ? gangguan kah ?","halo admin xxxuserxxx , top up unlimited kok selalu gagal ya ? ada gangguan kah?",False
google/gemma-3-4b-it,formal,informal,hybrid_early,0.5,"malam , kalau saya ke grapari jam xxxnumberxxx malam masih bisa tidak ?","min , kalau ke grapari jam xxxnumberxxx malam masih bisa nggak?",False
google/gemma-3-4b-it,formal,informal,hybrid_early,0.5,"hai xxxuserxxx , bisa cek dm saya ?",halo xxxuserxxx tolong cek dm ya.,False
google/gemma-3-4b-it,formal,informal,hybrid_early,0.5,"sudah ada di dm semua , lokasi dan nomor .","sudah di dm semua, lokasi dan nomor.",False
google/gemma-3-4b-it,formal,informal,hybrid_early,0.5,"admin . negara mana saja mitra bank mandiri ? soalnya , mau ke luar negeri .","min , negara mana aja yg bisa di transfer ke bank mandiri ya ? soalnya mau keluar negeri nih",True
google/gemma-3-4b-it,formal,informal,hybrid_early,0.5,"selesai jam ? tolong cepat mama ammy , salam buat rafatar .","halo min, tolong cek dm mama ammy , cepat ya , salam buat rafatar.",False
google/gemma-3-4b-it,formal,informal,hybrid_early,0.5,ini kenapa saya tidak bisa registrasi kartu ?,"min, kok saya nggak bisa registrasi kartu?",False
google/gemma-3-4b-it,formal,informal,hybrid_early,0.5,"tapi ada estimasi kan untuk xxxnumberxxx bts memakan waktu berapa lama , karena tanpa perencanaan semua bisa berantakan .","min, estimasinya berapa lama buat bts xxxnumberxxx , soalnya tanpa rencana semua bisa berantakan ya?",False
google/gemma-3-4b-it,formal,informal,hybrid_early,0.5,"siang , mau bertanya . mengapa pakey saya belum sampai ? padahal menggunakan lazeres . dari kemarin informasinya sedang diproses terus . mohon informasinya . terima kasih .","halo , min mau nanya dong kenapa ya udh topup shopee pay . tp di aplikasi aku masih pakey pdhl udh ada pemberitahuannya",False
google/gemma-3-4b-it,formal,informal,hybrid_early,0.5,"masih belum ada rezekinya hari ini , semoga dalam xxxnumberxxx kesempatan ke depan bisa beruntung dapat hadiah yang diharapkan .","“belum ada apa-apa nih sampe sekarang , semoga besok bisa dapet hadiah yang diinginkan”",True
google/gemma-3-4b-it,formal,informal,hybrid_early,0.5,"saya kirim uang , mengapa tidak masuk ? padahal status berhasil dan saldo saya terpotong .","“kok ya transfer saya gak masuk sih? padahal statusnya udah berhasil, saldo juga udah dipotong.”",True
google/gemma-3-4b-it,formal,informal,hybrid_early,0.5,"mau tanya xxxuserxxx , apa benar ovo sedang mengalami masalah ? saya top up via xxxuserxxx sore tadi sampai sekarang xxxnumberxxx belum masuk juga .","min, kok ovo saya belum aktif ya? saya top up via xxxuserxxx tadi siang, sampai sekarang xxxnumberxxx masih belum masuk juga.",True
google/gemma-3-4b-it,formal,informal,hybrid_early,0.5,hanya mau nanya admin . untuk subscription grabfood ada minimal pembelian tidak ?,"min, mau tanya buat grabfood subscription ada minimal beli gak ya?",False
google/gemma-3-4b-it,formal,informal,hybrid_early,0.5,"ada masalah apa di poris ? ping , packet loss , kecepatan tidak jelas semua . mohon direspon .","min, ada apa di sini? ping, paket loss, kecepatan gak jelas semua. tolong direspon ya.",True
google/gemma-3-4b-it,formal,informal,hybrid_early,0.5,kode promonya ada di televisi . di rumah selebriti .,"min , kode promo nya ada di tipi . di rumah seleb gitu deh",False
google/gemma-3-4b-it,formal,informal,hybrid_early,0.5,"fitur bayar bpjs terdapat pada gambar a , yaitu fitur asuransi .",ikon fitur asuransi linkaja di nomor xxxnumberxxx,False
google/gemma-3-4b-it,formal,informal,hybrid_early,0.5,"admin xxxuserxxx , mengapa saya tiba - tiba langganan rbt ? terus tidak bisa dibatalkan registrasi . setiap bulan pulsa kepotong terus . cara membatalkan registrasi bagaimana ?","min, kok tiba-tiba langganan rbt ya? terus gak bisa batal registrasi. tiap bulan pulsa juga kepotong terus, gimana cara batalin registrasinya min?",True
google/gemma-3-4b-it,formal,informal,hybrid_early,0.5,"malam kak , dari pagi saya telepon halobca kenapa tidak bisa - bisa ?","halo min, dari pagi telepon halobca gak bisa - bisa?",False
google/gemma-3-4b-it,formal,informal,hybrid_early,0.5,"bukalapak yang terhormat , mengapa ongkos kirim bukalapak berbeda dengan di lapangan . bahkan dibandingkan dengan marketplace lain , meski bebas ongkos kirim , harganya tetap sama tanpa dinaikan terlebih dahulu .","min, kenapa ongkir bukalapak beda sama pas di lapangan ya? padahal bebas ongkir, harganya sama aja gak naik-naik dulu.",False
google/gemma-3-4b-it,formal,informal,hybrid_early,0.5,saya beli paket rp . xxxnumberxxx ribu tapi mengapa tidak masuk ? padahal pulsanya sudah terpotong .,"min, saya beli paket rp. xxxnumberxxx ribu tapi kok gak masuk ya? padahal pulsa udah terpotong.",False
google/gemma-3-4b-it,formal,informal,hybrid_early,0.5,"sudah saya dm , cek dm .","sudah saya dm, cek dm ya.",False
google/gemma-3-4b-it,formal,informal,hybrid_early,0.5,"selamat sore xxxuserxxx . untuk pengemudi , pengambilan atribut baru apakah bisa di alam sutera , bsd ?","min , pengambilan atribut baru bs di alam sutera bsd gak ya ?",False
google/gemma-3-4b-it,formal,informal,hybrid_early,0.5,"xxxnumberxxx , rt / rw xxxnumberxxx / xxxnumberxxx , kec . kebonpedes , kel . jambenenggang , kota sukabumi .","xxxnumberxxx , rt/rw xxxnumberxxx/xxxnumberxxx, kec. kebonpedes, kel. jambenenggang, kota sukabumi.",False
google/gemma-3-4b-it,formal,informal,hybrid_early,0.5,"memang xxxuserxxx dan xxxuserxxx paling murah , tetapi jaringannya jelek .",ah parah bgt xxxuserxxx tapi baik kok selalu kasih diskon ),False
google/gemma-3-4b-it,formal,informal,hybrid_early,0.5,kenapa voucher xxxnumberxxx ribu gofood sekarang kalau deket malah tetap bayar ? dan juga dapatnya hanya xxxnumberxxx ribu bukan xxxnumberxxx ribu . padahal dulu ongkos kirim gratis .,"min, kenapa voucher xxxnumberxxx ribu gofood sekarang kalau deket malah tetap bayar? terus dapatnya juga cuma xxxnumberxxx ribu, bukan xxxnumberxxx ribu. padahal dulu ongkir gratis.",True
google/gemma-3-4b-it,formal,informal,hybrid_early,0.5,gimana dana ? akun saya sudah hampir sebulan tidak pulih - pulih . berpuluh - puluh spin zonk semua selama sebulan ini .,"min, akun saya udah hampir sebulan gak pulih pulih tuh. berpuluh puluh spin zonk terus selama sebulan ini.",True
google/gemma-3-4b-it,formal,informal,hybrid_early,0.5,"admin , kenapa jaringan selalu hidup mati ? harus pindah - pindah apn baru tersambung .","min, kok jaringan xl nya selalu hidup mati ya? harus pindah-pindah apn baru bisa konek.",False
google/gemma-3-4b-it,formal,informal,hybrid_early,0.5,tidak ada perubahan min . sepertinya di kelapa gading memang susah sinyal xxxnumberxxx nya min .,"min , sepertinya di kelapa gading susah sinyal xxxnumberxxx nya min .",False
google/gemma-3-4b-it,formal,informal,hybrid_early,0.5,xxxnumberxxx transaksi tersebut mengapa batal ? itukan sudah dikirim . kurir sudah jemput .,"“xxxnumberxxx transaksi ini knp batal ya? itu kan udah dikirim, kurir udah jemput.”",False
google/gemma-3-4b-it,formal,informal,hybrid_early,0.5,"halo , mohon bantuannya . mengapa ini tidak bisa di - redeem ?","halo min, kenapa nih gak bisa di-redeem ya?",False
google/gemma-3-4b-it,formal,informal,hybrid_early,0.5,"admin , ini layanan grabfood di semarang apakah sedang masalah atau bagaimana ? dari kemarin pesan tidak bisa - bisa . tulisannya pengemudi sibuk semua .","min, grabfood di semarang lagi ada masalah apa ya? dari kemarin pesen gak bisa-bisa, tulisannya pengemudi sibuk semua.",False
google/gemma-3-4b-it,formal,informal,hybrid_early,0.5,sedang menuju hari yang membuat panik .,"""kok panik ya nih...""",False
google/gemma-3-4b-it,formal,informal,hybrid_early,0.5,"top up via pengemudi sudah tidak bisa kah , admin ?","min, top up lewat pengemudi gak bisa ya?",False
google/gemma-3-4b-it,formal,informal,hybrid_early,0.5,rifat girang sekali . selamat bertugas .,"“rifat seneng bgt , selamat kerjanya yaa”",False
google/gemma-3-4b-it,formal,informal,hybrid_early,0.5,cara transfer poin bagaimana kakak admin ?,"kak, cara transfer poin gimana sih kak admin?",False
google/gemma-3-4b-it,formal,informal,hybrid_early,0.5,bni corporate apakah gangguan ? saya coba buka tidak bisa terus .,"min, bni nya ganggu ya? saya coba buka gak bisa terus.",False
google/gemma-3-4b-it,formal,informal,hybrid_early,0.5,lihat kamunya bukan jualan tehnya .,"min, liat kamunya bukan jualan tehnya ya?",False
google/gemma-3-4b-it,formal,informal,hybrid_early,0.5,"admin , maaf mau tanya lagi . kalau m - bca yang keblokir , atm - nya tidak ikut keblokir juga kan ?","min , kalau m - bca keblokir , atm gak ikut keblokir juga kan ?",False
google/gemma-3-4b-it,formal,informal,hybrid_early,0.5,apa e - money mandiri bisa untuk mrt jakarta ?,"min, e-money mandiri bisa buat mrt jakarta nggak ya?",False
google/gemma-3-4b-it,formal,informal,hybrid_early,0.5,"saya beli voucher fisik indosat xxxnumberxxx gb unlimited , tetapi kenapa selalu gagal ?","min, saya beli voucher fisik Indosat xxxnumberxxx gb unlimited, tapi kok selalu gagal?",False
google/gemma-3-4b-it,formal,informal,hybrid_early,0.5,tolong notice kali ini . we need you .,min tolong cek dm ya .,False
google/gemma-3-4b-it,formal,informal,hybrid_early,0.5,"admin , apakah sedang error ? login akun aplikasi tidak bisa , isi kuota tidak bisa , bagaimana ini ?","min, kok login aplikasi gak bisa ya? terus isi kuota juga gak bisa, gimana ya?",False
google/gemma-3-4b-it,formal,informal,hybrid_early,0.5,"saya sudah coba , pulsa sudah terpakai . saya periksa mengapa masa aktifnya tidak berubah ?","min, pulsa sy udah kepake , kok masa aktifnya nggak berubah ya?",False
google/gemma-3-4b-it,formal,informal,hybrid_early,0.5,"admin , mengapa indosat jelek terus sinyalnya hari ini ?","“admin, kenapa Indosat sinyalnya tuh lama banget terus hari ini?”",False
google/gemma-3-4b-it,formal,informal,hybrid_early,0.5,"bagaimana ini xxxuserxxx , paket saya dari kemarin stuck padahal sudah dekat . aduh bagaimana sih .","“kok ya min, paket saya dari kemarin masih stuck gitu sih?”",False
google/gemma-3-4b-it,formal,informal,hybrid_early,0.5,"nomor pesanan xxxnumberxxx , tolong dikonfirmasi .","“min, nomor pesanan xxxnumberxxx, tolong dikonfirmasi ya?”",False
google/gemma-3-4b-it,formal,informal,hybrid_early,0.5,"admin , ini mengapa saya pakai paket unl tapi untuk akses ke shopee tidak bisa ? ini tandanya sudah aktif atau belum ?","min, kok paket unl gue gak bisa akses shopee ya? ini tandanya udah aktif apa belum?",False
google/gemma-3-4b-it,formal,informal,hybrid_early,0.5,sekarang dm mereka yang berkata kalau pulsa sudah dikembalikan dihapus oleh mereka . begitukah cara mencari uang sekarang ?,"“min, kok pulsa udah diemin sih? mereka bilang udah dihape, tapi kok gak ada ya?”",False
google/gemma-3-4b-it,formal,informal,hybrid_early,0.5,admin . apakah ada promo untuk pertama order gomassage ?,"min, promo pertama order gomassage ada gak ya?",False
google/gemma-3-4b-it,formal,informal,hybrid_early,0.5,"ivr / xxxnumberxxx / xix / vii / xxxnumberxxx ivr / xxxnumberxxx / xix / vii / xxxnumberxxx . mohon periksa , sudah lama .","ka ivr / xxxnumberxxx / xix / vii / xxxnumberxxx ivr / xxxnumberxxx / xix / vii / xxxnumberxxx . mohon cek, udah lama banget.",False
google/gemma-3-4b-it,formal,informal,hybrid_early,0.5,"paket mahal - mahal , sinyal busuk setiap jam xxxnumberxxx - xxxnumberxxx . terus saya pakainya kapan ? bangke !","“paketnya mahal-mahal, sinyalnya jelek tiap jam xxxnumberxxx - xxxnumberxxx. terus aku pake buat apa sih? bangke!”",False
google/gemma-3-4b-it,formal,informal,hybrid_early,0.5,hai admin . mohon bantu untuk hapus akun gojek saya yang lama . terima kasih .,"min , tolong bantu hapus akun gojek saya ya . makasih .",False
google/gemma-3-4b-it,formal,informal,hybrid_early,0.5,"parah , aplikasi grab sangat lambat sekarang .","""kok grabnya parah banget sekarang lemotnya""",False
google/gemma-3-4b-it,formal,informal,hybrid_early,0.5,bagaimana mas caranya ? punya saya begini melulu .,"min, gimana tuh caranya? punya gue gini aja terus nih.",False
google/gemma-3-4b-it,formal,informal,hybrid_early,0.5,transaksi xxxnumberxxx sudah diterima tanggal xxxnumberxxx jam xxxnumberxxx siang . harap segera diremit dananya .,“transaksi xxxnumberxxx udah diterima tanggal xxxnumberxxx jam xxxnumberxxx siang nih. tolong di-remit dana nya ya min?”,False
google/gemma-3-4b-it,formal,informal,hybrid_early,0.5,: seberapa kamu ? : besok dia mau menembak saya : terus ? : saya terima cintanya sekarang,""": seberapa kamu ? : besok dia mau nembak gua : terus ? : gw nerima cintanya sekarang""",False
google/gemma-3-4b-it,formal,informal,hybrid_early,0.5,"pengemudi yang bersangkutan , tidak ditelusuri oleh pihak go - jek mbak ?","""siapa pengemudinya mba? gak ditelusuri gojek ya?""",False
google/gemma-3-4b-it,formal,informal,hybrid_early,0.5,"dm saya tidak dipedulikan , layanan jelek .","“dm gue gak di bales, servicenya jelek.”",False
google/gemma-3-4b-it,formal,informal,hybrid_early,0.5,"mau menangis , kesal sekali paket yellow susah sekali diaktifkan . tolong admin , saya tidak bisa belajar .","min, kesel banget paket yellow susah bgt diaktifin. tolong admin, gak bisa belajar nih.",False
google/gemma-3-4b-it,formal,informal,hybrid_early,0.5,"saya pakai pengiriman yang ekspres , seharusnya terima hari ini tetapi belum sampai juga .","min , pengiriman ekspres hrsnya brngnya smpe hari ini , blum smpe juga .",False
google/gemma-3-4b-it,formal,informal,hybrid_early,0.5,kalau dari australia mau mengirim xxxmoneyxxx apakah terkena charge ? dan apakah harus bayar charge terlebih dahulu baru bisa mendapatkan uang kita yang dikirim ?,"“halo, kalau dari australia mau kirim xxxmoneyxxx, ada charge gak ya? terus, harus bayar dulu baru dapat uang kita yang dikirim, begitu ya?”",False
google/gemma-3-4b-it,formal,informal,hybrid_early,0.5,mengapa ? sedang demo ? kasihan temanku menunggu hingga ketiduran hahaha .,"min, kenapa ya? lagi demo? kasihan temanku nungguin sampe ketiduran hahaha.",True
google/gemma-3-4b-it,formal,informal,hybrid_early,0.5,"saya mau upgrade full service , ternyata harus ke booth ovo , sedangkan disekitar jarawang tidak ada ,","min, mau upgrade full service, kok disekitar jarawang nggak ada booth ovo ya?",True
google/gemma-3-4b-it,formal,informal,hybrid_early,0.5,"tolong . barang ini sudah sampai sejak tadi pagi , namun belum kunjung diantar .","tolong , barangnya udah sampe tadi pagi , tapi belum dianter sama sekali .",False
google/gemma-3-4b-it,formal,informal,hybrid_early,0.5,harap diaudit nomor - nomor tersebut dengan terbuka . siapa pemiliknya dan apa tindakan .,"min, cek dong nomor yg tsb, siapa pemiliknya & apa tindakannya?",False
google/gemma-3-4b-it,formal,informal,hybrid_early,0.5,"dan apapun alasannya , memang sudah peraturan dari jnt ya kalau pelanggan itu harus dikunci dari luar ? aduh , jera menggunakan jnt .","“jd, apapun alasannya, kan peraturan jnt ya pelanggan kudu di-lock dari luar? aduh, males deh pake jnt.”",False
google/gemma-3-4b-it,formal,informal,hybrid_early,0.5,"halo , tolong respons dm saya .","halo min , tolong balas dm saya",False
google/gemma-3-4b-it,formal,informal,hybrid_early,0.5,memang terbatas . tidak semua orang mendapatkannya .,"""emang terbatas sih, gak semua orang dapet.""",False
google/gemma-3-4b-it,formal,informal,hybrid_early,0.5,"sinyal penuh xxxnumberxxx g , tapi lambat sekali ini . ah ah ah .","min, sinyalnya full xxxnumberxxx g tapi lama banget sih ini. aneh dah.",True
google/gemma-3-4b-it,formal,informal,hybrid_early,0.5,"halo admin . tolong cek dm saya terkait sinyal internet yang lemot , sinyal hilang - hilangan . terima kasih .","min , tolong cek dm saya soal sinyal internetnya yang lemot , suka hilang muncul lagi deh . makasih",False
google/gemma-3-4b-it,formal,informal,hybrid_early,0.5,mengapa tidak bisa beli paket xxxnumberxxx rupiah xxxnumberxxx gb admin ?,"min, kok gak bisa beli paket xxxnumberxxx rupiah xxxnumberxxx gb ya admin?",False
google/gemma-3-4b-it,formal,informal,hybrid_early,0.5,"halo admin , ini mengapa vouchernya tidak bisa digunakan . padahal sudah belanja xxxnumberxxx ribu lebih .","halo admin , ini kenapa voucher ini gak bisa dipakai , padahal udah belanja xxxnumberxxx ribu lebih .",False
google/gemma-3-4b-it,formal,informal,hybrid_early,0.5,"nah , sudah saya unreg namun seperti itu responnya . membuat bingung .","naahh, udah saya unreg malah gitu responnya . bikin bingung .",False
google/gemma-3-4b-it,formal,informal,hybrid_early,0.5,"sudah selesai semua , tapi tidak bisa . baru bisa tadi di jam xxxnumberxxx . biarkan saja pindah telkomsel !","min, udah selesai semua, tapi gak bisa. baru bisa tadi di jam xxxnumberxxx. biarin aja pindah Telkomsel!",False
google/gemma-3-4b-it,formal,informal,hybrid_early,0.5,saya sangat gagap teknologi soal hal seperti ini . mau cry se - river .,"“weh, aku tuh beneran gak ngerti soal ini, sedih banget kayak mau nangis”",False
google/gemma-3-4b-it,formal,informal,hybrid_early,0.5,"kumat lagi , sekarang berakhir di xxxnumberxxx kb .","kak, kumat lagi, sekarang berakhir di xxxnumberxxx kb.",False
google/gemma-3-4b-it,formal,informal,hybrid_early,0.5,aku salut sekali sama abangnya . niat sekali ! boleh sekali abangnya diberi bonus .,"aku salut banget sama abangnya , niat bgt ! boleh dong abangnya dikasi bonus",False
google/gemma-3-4b-it,formal,informal,hybrid_early,0.5,"baru saja dapat pesanan kakap xxxuserxxx . dari tiens kfc dharma ke patung bayi gianyar , ternyata pesanan jelek . setelah dibatalkan oleh pengemudi yang mendapatkan sebelumnya .","“baru dapat pesanan dari kakap xxxuserxxx . dari tiens kfc dharma ke patung bayi gianyar , ternyata pesanan jelek . udah dibatalin sama pengemudi yg dapet sebelumnya.”",False
google/gemma-3-4b-it,formal,informal,hybrid_early,0.5,"halo admin , tolong periksa dm , terima kasih .","min, tolong cek dm ya, makasih.",False
google/gemma-3-4b-it,formal,informal,hybrid_early,0.5,selamat malam . untuk transaksi top - up pulsa di go mobile dengan kode promo bday apakah ada minimalnya ?,"min, top up pulsa go mobile pakai kode promo bday, ada minimalnya nggak tuh?",False
google/gemma-3-4b-it,formal,informal,hybrid_early,0.5,"cara input resi manual j & t bagaimana , admin ?","min, cara masukin resi manual di jne gimana ya, admin?",False
google/gemma-3-4b-it,formal,informal,hybrid_early,0.5,"admin , tidak bisa ganti nomor hp .","min, kenapa gak bisa ganti nomor hp ya?",False
google/gemma-3-4b-it,formal,informal,hybrid_early,0.5,"kepada admin , mohon diperiksa dm saya .","min, tolong cek dm saya ya.",False
google/gemma-3-4b-it,formal,informal,hybrid_early,0.5,lambat sekali . xxxnumberxxx g rasa xxxnumberxxx g . mohon diperbaiki jaringannya . mengadu ke customer service hanya kasih saran yang itu - itu saja .,"min , jaringan xxxnumberxxx g rasa xxxnumberxxx g . mohon diperbaiki dong . ngadu ke cs juga cuma dapet saran gitu aja . tks",True
google/gemma-3-4b-it,formal,informal,hybrid_early,0.5,"malas menghitungnya . banyak pelanggan mengalami hal yang sama , kami berinisiatif akan beralih ke yang lain saja .","min, kok bisa gitu ya? banyak pelanggan juga gitu, jadi kita coba ganti aja ke yang lain deh.",False
google/gemma-3-4b-it,formal,informal,hybrid_early,0.5,"ok , jadi nanti sellernya mengirimkan pesanan yang benar dulu ya ? baru nanti saya kembalikan barang yang salahnya ?","min, nanti seller kirim pesanan yang bener dulu ya? baru nanti aku kembaliin barang yang salahnya?",False
google/gemma-3-4b-it,formal,informal,hybrid_early,0.5,sering - sering ya admin promo seperti ini .,"min, promo kayak gini sering-sering banget sih, top deh!",False
google/gemma-3-4b-it,formal,informal,hybrid_early,0.5,"admin , kebijakan barukah dana dilepas tanggal xxxnumberxxx ? padahal tanggal xxxnumberxxx pembeli sudah konfirmasi pesanan .","admin , kebijakan baru kah dana dilepas tanggal xxxdatexxx ? padahal tanggal xxxdatexxx pembeli udah konfirmasi pesanan",False
google/gemma-3-4b-it,formal,informal,hybrid_early,0.5,"admin xxxuserxxx , ini bukan hoax ?","min xxxuserxxx , ini beneran gak ditanggapi ya ?",False
google/gemma-3-4b-it,formal,informal,hybrid_early,0.5,"pulsa terpotong xxxnumberxxx ribu , bagaimana ?","min, pulsa terpotong xxxnumberxxx ribu, gimana ya?",False
google/gemma-3-4b-it,formal,informal,hybrid_early,0.5,"dear xxxuserxxx , setengah jam yang lalu saya mengisi saldo gopay tapi sampai sekarang belum masuk . tolong diproses , urgent . terima kasih .","""halo xxxuserxxx , setengah jam lalu saya isi gopay nih , tapi kok belum masuk ya? tolong diurus dong, urgent, makasih.""",False
google/gemma-3-4b-it,formal,informal,hybrid_early,0.5,"admin , mohon bantuannya , saya sudah dm . terima kasih .","admin, sudah dm, mohon balas ya. terima kasih.",False
google/gemma-3-4b-it,formal,informal,hybrid_early,0.5,apakah ada pemberitahuannya ? mengapa saya tidak ada ya ? maaf saya ikut - ikut .,"min, kok saya nggak ada ya? maaf, ikut-ikutan.",False
google/gemma-3-4b-it,formal,informal,hybrid_early,0.5,ada saja perilaku warga indonesia hahaha .,ada aja warga indo hahaha,True
google/gemma-3-4b-it,formal,informal,hybrid_early,0.5,tolong perbaiki sinyalnya . untuk main game online buruk sekali .,"min, kenapa ya sinyalnya jelek banget buat main game online jadi parah?",False
google/gemma-3-4b-it,formal,informal,hybrid_early,0.5,hal yang lebih cepat dari gundala . hoax itu lebih cepat dari gundala hahaha .,"ada apa ya , lebih cepet dari gundala hahaha",False
google/gemma-3-4b-it,formal,informal,hybrid_early,0.5,"lihat , admin , sampai saya nyalakan notifikasinya . pokoknya segalanya untuk anda .","min , tolong di cek ya , segalanya buat admin 🙏",False
google/gemma-3-4b-it,formal,informal,hybrid_early,0.5,"ada apa dengan kurir pos ? sampai saat ini belum juga terbaharui ongkos kirimnya . padahal sejak tanggal xxxdatexxx , sudah berlaku tarif baru .","lama banget sih kurirnya? ongkos kirimnya masih sama kayak dulu, padahal udah berlaku tarif baru sejak tanggal xxxdatexxx.",True
google/gemma-3-4b-it,formal,informal,hybrid_early,0.5,sudah saya proses melalui email juga . tolong dipercepat saja melalui emailnya . terima kasih .,"“udah gue kirim lewat email juga, tolong di percepat via email ya. makasih.”",False
google/gemma-3-4b-it,formal,informal,hybrid_early,0.5,"habis bensin di jalan , mau ke pom bensin jauh . jad ide saja gosend .","“abis bensin di jalan, mau ke pom bensin jauh, ide aja gosend.”",False
google/gemma-3-4b-it,formal,informal,hybrid_early,0.5,kasih aku tiket konser day xxxnumberxxx saja .,"""min kasih aku tiket konser day xxxnumberxxx dong""",False
google/gemma-3-4b-it,formal,informal,hybrid_early,0.5,"tambah semangatnya teman pengemudi xxxuserxxx xxxuserxxx semua . semoga berlimpah rezekinya malam ini , amin . 🇮 🇩 xxxuserxxx unija .","min , semoga rezeky berlimpah ya malam ini amin 🇮 🇩 xxxuserxxx unija .",False
google/gemma-3-4b-it,formal,informal,hybrid_early,0.5,memikirkan si dia itu lebih cepat dari bernapas bahkan .,"""gk guna tuh , mikirin dia cepetnya dr napas""",False
google/gemma-3-4b-it,formal,informal,hybrid_early,0.5,tolong tambahkan vouchernya photobook malam ini saja .,"min, tolong tambahin voucher photobook malem ini aja dong.",False
google/gemma-3-4b-it,formal,informal,hybrid_early,0.5,kecewa berat dengan jaringan xxxuserxxx xxxuserxxx xxxuserxxx . setiap malam jaringannya tidak stabil .,"""hadeee, kesel banget sama jaringan xxxuserxxx xxxuserxxx xxxuserxxx. tiap malem gak stabil tuh.""",True
google/gemma-3-4b-it,formal,informal,hybrid_early,0.5,butut . koneksi mahal hanya kuat dipakai whatsapp saja .,"“aneh, koneksi xl kok cuma bs whatsapp aja sih?”",True
google/gemma-3-4b-it,formal,informal,hybrid_early,0.5,"membeli tiket tidak , admin unova ? kalau membeli tiket , mohon pengertiannya terkait harga .","min , beli tiket unova , mohon pengertian soal harga dong .",False
google/gemma-3-4b-it,formal,informal,hybrid_early,0.5,"ini sinyal xl memang down dari kemarin ? buka youtube sih lancar , tetapi browsing ?","ini sinyal xl down dari kemaren ya ? youtube lancar, tp browsing kok gak bisa sih?",False
google/gemma-3-4b-it,formal,informal,hybrid_early,0.5,hai admin . paket saya mengapa tidak sampai - sampai ? mestinya xxxnumberxxx hari yang lalu sudah sampai .,"halo admin , paket saya kok lama banget gak dateng ya ? seharusnya udah xxxnumberxxx hari yang lalu nyampenya.",True
google/gemma-3-4b-it,formal,informal,hybrid_early,0.5,sinyal telkomsel juga tidak bisa diakses sama sekali .,“sinyal telkomsel kok nggak bisa sih?”,False
google/gemma-3-4b-it,formal,informal,hybrid_early,0.5,"sudah tetap saja tidak bisa aktifkan paket , pulsa saya sangat sering habis karena dipotong . bagaimana ini ? mengapa sekarang im3 oreedonya sangat jelek ?","min, udah fix kok gak bisa aktifin paketnya, pulsa tuh terus abis gegara dipotong. gimana sih ini? im3 oreedoarnya udah parah banget kayaknya.",False
google/gemma-3-4b-it,formal,informal,hybrid_early,0.5,admin kalau mau membuat nomor kartu halo baru yang xxxnumberxxx itu bagaimana prosedur dan biayanya ?,"min, gimana tuh cara bikin nomor kartu halo baru yang xxxnumberxxx ya? biayanya berapa?",False
google/gemma-3-4b-it,formal,informal,hybrid_early,0.5,ini sinyal kenapa jadi seperti ampas ? padahal pemakaian juga wajar - wajar saja .,"“min, sinyalnya kok kayak ampas gini sih? padahal pemakaiannya juga normal aja.”",False
google/gemma-3-4b-it,formal,informal,hybrid_early,0.5,"halo xxxuserxxx . baik , aku dm . omong - omong , saya merasa seperti direspon oleh suami sendiri . namanya sama , mas fariz .","halo xxxuserxxx , baik , aku dm yah . omong - omong , rasanya direspon sama mas fariz , namanya sama tuh .",False
google/gemma-3-4b-it,formal,informal,hybrid_early,0.5,maaf kak . nomor saya terpotong pulsanya rp2000 . sudah xxxnumberxxx kali isi . bagaimana unregnya ? mohon solusinya . terima kasih .,"hai , min mau tanya dong kenapa yaa pulsa saya terpotong rp2000 . udah +xxxnumberxxx kali isi , bagaimana unregnya ? mohon solusinya . terima kasih",False
google/gemma-3-4b-it,formal,informal,hybrid_early,0.5,maaf kak . bagaimana jika emailnya tidak valid ?,"“min, emailnya gak valid gimana ya?”",False
google/gemma-3-4b-it,formal,informal,hybrid_early,0.5,maksudnya bagaimana bang ? apakah tidak ada cod di tokopedia ?,"min, maksudnya gimana bang? gak ada cod ya di toped?",False
google/gemma-3-4b-it,formal,informal,hybrid_early,0.5,"tadi ke bank xxxuserxxx . terus , tidak ada apa - apa . justru dipaksa buka tabungan anak sekolah .","“tadi ke bank xxxuserxxx, malah dipaksa buka tabungan anak sekolah, nggak ada apa-apa sih.”",True
google/gemma-3-4b-it,formal,informal,hybrid_early,0.5,mau bayar tagihan lewat aplikasi diri sendiri ( myim3 ) xxxuserxxx tidak bisa - bisa . pindah ke pre - paid bisa tidak ?,"xxxuserxxx , min kenapa bisa gak bayar tagihan di myim3 sih? bisa pindah ke pre-paid gak ya?",False
google/gemma-3-4b-it,formal,informal,hybrid_early,0.5,"tidak tahu cell . takutnya , seperti itu hahaha .","""gak tau sih , takutnya gitu deh hahaha""",False
google/gemma-3-4b-it,formal,informal,hybrid_early,0.5,akun saya ditangguhkan karena saya cancel terus . padahal saya sedang buru - buru dan dapatnya pengemudi ganjil terus di hari yang genap . mohon dm saya .,"min, akun gue di-tangguhkan karena sering cancel. udah buru-buru, terus dapat pengemudi ganjil di hari genap. tolong dm gue dong.",True
google/gemma-3-4b-it,formal,informal,hybrid_early,0.5,"tidak bisa update saldo e - money setelah top up di tokopedia itu bagaimana ? tolong aku , admin .","min, kok saldo e-money gak update setelah top up di Tokopedia ya? tolong bantu, admin.",False
google/gemma-3-4b-it,formal,informal,hybrid_early,0.5,halo xxxuserxxx . tolong komplain saya ditanggapi . sudah xxxnumberxxx hari ini .,"halo xxxuserxxx , tolong respon komplain aku ya . udah xxxnumberxxx hari nih .",False
google/gemma-3-4b-it,formal,informal,hybrid_early,0.5,"admin , tolong dibantu periksa resi xxxnumberxxx , sudah xxxnumberxxx hari tidak ada pergerakan .","min , resi xxxnumberxxx udah xxxnumberxxx hari gak ada update dong . tolong cek ya . thanks",False
google/gemma-3-4b-it,formal,informal,hybrid_early,0.5,"jam xxxnumberxxx lama sekali ! saya mau menghabiskan kuota malem xxxuserxxx ! apakah tidak bisa , kuota malamnya diganti jadi kuota siang ?","min, lama banget nih! mau ngeroll kuota malem xxxuserxxx! bisa gtu, kuota malemnya diganti jadi kuota siang?",False
google/gemma-3-4b-it,formal,informal,hybrid_early,0.5,"hi . selamat sore . saya baru saja membeli kartu sim simpati . sudah coba registrasi , tetapi tidak ada respon . tolong bantuannya .","hai , selamat sore . baru beli kartu sim simpati , udah coba registrasi tapi nggak ada respon . tolong bantuannya yaa .",False
google/gemma-3-4b-it,formal,informal,hybrid_early,0.5,"xxxnumberxxx hari xxxnumberxxx gb youtube hanya berkurang xxxnumberxxx xxxnumberxxx mb , karena memang tidak jalan , loading saja terus . emosi di jiwa .","""youtube xxxnumberxxx gb udah berkurang xxxnumberxxx mb, gak jalan loading terus, bener2 emosi jiwa.""",False
google/gemma-3-4b-it,formal,informal,hybrid_early,0.5,mohon dicek . mengapa sering limited access ? terhubung tapi tidak ada internet dan tidak ada pemberitahuan fup harian .,"min, kok sering limited access, terhubung tapi gak ada internet, sama gak ada pemberitahuan fup harian?",True
google/gemma-3-4b-it,formal,informal,hybrid_early,0.5,"malam , saya ingin mengembalikan barang karena salah kirim . saya diberi info kalau saya harus meng - upload bukti pengirimannya . upload - nya di mana ? terima kasih .","halo min , tolong di bantu , saya mau kembalin barang karena salah kirim . upload bukti pengiriman di mana ya ? terima kasih .",False
google/gemma-3-4b-it,formal,informal,hybrid_early,0.5,aduh . begadang tidak baik untuk kesehatan .,"""kok bisa sih begadang tuh bkin kurang sehat gini?""",False
google/gemma-3-4b-it,formal,informal,hybrid_early,0.5,"bang , mengapa saya mau mendaftarkan paket dari semalam tidak bisa ?","min, kok saya mau daftar paket semalem nggak bisa ya?",False
google/gemma-3-4b-it,formal,informal,hybrid_early,0.5,admin salah mengetiknya itu . sudah jelas di screenshotnya depannya itu xxxnumberxxx xxxnumberxxx xxxnumberxxx xxxnumberxxx xxxnumberxxx xxxnumberxxx xxxnumberxxx xxxnumberxxx xxxnumberxxx xxxnumberxxx xxxnumberxxx .,"min salah ngetik tuh , udh jelas di ss nya depannya itu xxxnumberxxx xxxnumberxxx xxxnumberxxx xxxnumberxxx xxxnumberxxx xxxnumberxxx xxxnumberxxx xxxnumberxxx xxxnumberxxx xxxnumberxxx xxxnumberxxx",False
google/gemma-3-4b-it,formal,informal,hybrid_early,0.5,"admin xxxuserxxx , mengapa respon pelayanan publik lambat ? manajer yang sedang bertugas saya minta hubungi ponsel saya , jangan seperti robot di dm yang merespon !","admin, kok responnya lama banget? manajer yang jaga, tolong hubungin nomor aku ya, jangan kayak bot di dm!",False
google/gemma-3-4b-it,formal,informal,hybrid_early,0.5,kita balas - membalas pesan otomatis masuk notification - nya markonah .,"""udah bales - bales otomatis notification muncul kan markonah""",True
google/gemma-3-4b-it,formal,informal,hybrid_early,0.5,berapa lama proses pengembalian dana masuk ke shopee pay ?,"min, kok lama banget ya pengembalian dana masuk ke shopee pay?",False
google/gemma-3-4b-it,formal,informal,hybrid_early,0.5,"yth , admin gojek . tadi sore istri saya mengalami perlakuan kasar secara lisan pada saat naik gocar . mohon ditindaklanjuti . berikut identitas pengemudi .","halo admin gojek , td sore istrimu diomeli kasar pas naik gocar mohon di tindau ya , ini detail driver nya .",False
google/gemma-3-4b-it,formal,informal,hybrid_early,0.5,"siang kak , kenapa shopeepay saya tidak bisa untuk checkout padahal saldonya cukup ? tulisannya tidak tersedia .","min , kok shopppay saya gak bisa buat checkout padahal saldonya cukup ? tulisannya gak ada .",False
google/gemma-3-4b-it,formal,informal,hybrid_early,0.5,tolong segera dikirim ya kak .,tolong dong segera dikirim ya kk,True
google/gemma-3-4b-it,formal,informal,hybrid_early,0.5,sampah berkata orang lain sampah . tipikal penggemarnya sampah .,gara-gara orang lain tuh sampah banget dah . kayaknya mereka tuh tipe penggemarnya sampah deh.,False
google/gemma-3-4b-it,formal,informal,hybrid_early,0.5,hal yang lebih cepat dari gundala versi aku : melihat mantan jadian sama perempuan barunya setelah putus sama aku .,"“hadeee min , mantan gue tuh cepet bgt ngejat sama cewek baru setelah putus sama gue.”",False
google/gemma-3-4b-it,formal,informal,hybrid_early,0.5,tadi proses pembayaran langsung menggunakan cc bca tapi tidak berhasil . invoice juga tidak muncul . tapi batas cc berkurang .,"tadi saya bayar pakai cc bca, gak berhasil. faktur juga gak muncul. tapi saldo cc kok berkurang sih?",False
google/gemma-3-4b-it,formal,informal,hybrid_early,0.5,"saya baru saja dm , mohon diperiksa dm - nya . terima kasih .",min tolong cek dm saya . makasih,False
google/gemma-3-4b-it,formal,informal,hybrid_early,0.5,tolong balas dm segera ya admin .,tolong balas dm saya segera ya admin.,True
google/gemma-3-4b-it,formal,informal,hybrid_early,0.5,bagaimana caranya menghapus akun gojek ? terimakasih .,"min, gmna cara hapus akun gojek ya? makasiih",True
google/gemma-3-4b-it,formal,informal,hybrid_early,0.5,pasti jawabannya juga begini . xxxuserxxx sudah bosan . sudah kuduga .,"""duh pasti jawabannya kayak gini juga ya . xxxuserxxx udah bosen banget . udah kuduga aja .""",False
google/gemma-3-4b-it,formal,informal,hybrid_early,0.5,alhamdulillah masih banyak orang yang baik di bumi . mbaknya juga semoga lekas sembuh !,"alhamdulillah , semoga mbaknya lekas sembuh yaa 🙏",False
google/gemma-3-4b-it,formal,informal,hybrid_early,0.5,"hai indosat , apakah untuk pengecekan pemakaian kuota internet melalui xxxnumberxxx tidak bisa diakses saat ini ? atau memang sedang bermasalah ?","min, nomor +xxxnumberxxx kok gak bisa masuk internet ya? atau ada masalah?",False
google/gemma-3-4b-it,formal,informal,hybrid_early,0.5,memang peramai miskin . mau mengeluh tarif naik saja pakai alasan koneksi lambat . kamu keluar dari kolam supaya dapat sinyal bagus .,"""hadeee, kenapa ya sinyalnya macet gini? padahal udah bayar, mau komplain soal harga naik aja, bilang koneksi lambat gitu. keluar dari XL aja biar sinyalnya bagus, kan?""",False
google/gemma-3-4b-it,formal,informal,hybrid_early,0.5,sangat kesal membaca thread penipuan gojek . alhamdulillah untungnya aku masih sadar dan waras saat itu jadi tidak mudah tertipu .,“parah baca thread penipuan gojek . alhamdulillah untungnya aku masih sadar dan waras saat itu jadi gak gampang kena tipu”,True
google/gemma-3-4b-it,formal,informal,hybrid_early,0.5,bismillah . jawaban : a . mari ikutan kawan xxxuserxxx xxxuserxxx xxxuserxxx xxxnumberxxx .,bismillah . jawabannya : a . yuk ikut kawan xxxuserxxx xxxuserxxx xxxnumberxxx .,False
google/gemma-3-4b-it,formal,informal,hybrid_early,0.5,"admin , saya ada pertanyaan . cek dm . terima kasih .","min, tolong cek dm , makasih.",False
google/gemma-3-4b-it,formal,informal,hybrid_early,0.5,mati saja kau admin cacat otak !,"min, adminnyaaaaaa cepet bales dong!😡",False
google/gemma-3-4b-it,formal,informal,hybrid_early,0.5,pengamat keamanan siber tidak bisa membedakan antara dns resolver dan vpn . kocak .,"""pengamat keamanan siber kok gak ngerti dns resolver sama vpn sih?""",False
google/gemma-3-4b-it,formal,informal,hybrid_early,0.5,yang paling akhir namanya keren sekali .,yg paling akhir namanya keren banget bgt,False
google/gemma-3-4b-it,formal,informal,hybrid_early,0.5,seberapa kamu ? aku mau mudik lebaran . lalu ? perginya sebelum ramadhan .,“sego kamu? aku mau mudik lebaran. terus? pergi nya sebelum ramadhan.”,False
google/gemma-3-4b-it,formal,informal,hybrid_early,0.5,"di sulawesi tengah , apakah smartfren sudah oke ?","“Smartfren di Sulawesi Tengah, udah ngelemot gak sih?”",False
google/gemma-3-4b-it,formal,informal,hybrid_early,0.5,"periksa dm ! kalau tidak , kita putus .","cek dm dong , kalo gak cek putus",False
google/gemma-3-4b-it,formal,informal,hybrid_early,0.5,layanan grabfood kenapa tidak bisa dibuka admin ?,"""kok grabfood gak bisa dibuka ya admin?""",False
google/gemma-3-4b-it,formal,informal,hybrid_early,0.5,"untuk sementara ini , cukup itu saja dulu yang saya tanyakan . terima kasih .","min , udah selesai ya ? makasih .",False
google/gemma-3-4b-it,formal,informal,hybrid_early,0.5,"kesal saya dengan xxxuserxxx . kuotanya sangat mahal sekali , tapi buruk sekali sinyalnya . ya allah .","“kok sinyalnya aneh ya min, nomor +xxxnumberxxx, kuota mahal banget tapi sinyalnya jelek bgt…”",False
google/gemma-3-4b-it,formal,informal,hybrid_early,0.5,alhamdulillah . rezeki anak kost ya deww .,alhamdulillah rezeki anak kost ya deww 🤲 * siap2 ditraktir 🥰,True
google/gemma-3-4b-it,formal,informal,hybrid_early,0.5,"hai admin , bisa bertanya tentang bni autopay ?","halo admin, mau tanya soal bni autopay nih",True
google/gemma-3-4b-it,formal,informal,hybrid_early,0.5,"kenapa tidak bisa melakukan pembelian paket internet ? via aplikasi dan via xxxnumberxxx juga sama , tida bisa . padahal paketnya tersedia .","min, kok gak bisa beli paket internet ya? lewat aplikasi sama nomor xxxnumberxxx juga gak bisa, padahal paketnya udah ada.",False
google/gemma-3-4b-it,formal,informal,hybrid_early,0.5,"admin , saya dapat bonus onnet . itu maksudnya bagaimana ?","min, saya mau tanya soal bonus onnet ya?",False
google/gemma-3-4b-it,formal,informal,hybrid_early,0.5,"akhirnya barusan dapat driver , admin . terima kasih .","min , akhirnya barusan dapat driver , makasih .",False
google/gemma-3-4b-it,formal,informal,hybrid_early,0.5,"admin , tolong periksa dm saya . hai .","sudah saya dm , mohon di balas admin.",False
google/gemma-3-4b-it,formal,informal,hybrid_early,0.5,"admin , ini ditindaklanjuti tidak ? sudah dm nomor , tapi tidak ada yang balas .","""udah dm nih min, gak direspon. tolong dicek ya.""",False
google/gemma-3-4b-it,formal,informal,hybrid_early,0.5,"halo xxxuserxxx . sudah sejak kemarin jaringan anda lambat sekali di kendari , pekerjaan berantakan , ada solusi untuk saya ? terima kasih .","halo xxxuserxxx , jaringan di kendari udah lama banget lambatnya , kerjaan berantakan , ada solusinya nggak ya ? makasih",False
google/gemma-3-4b-it,formal,informal,hybrid_early,0.5,iya . bahaya kalau ditagih nanti di akhirat hahaha .,iya bener tuh hahaha . nanti knp yaa?,False
google/gemma-3-4b-it,formal,informal,hybrid_early,0.5,"maaf admin xxxuserxxx , ini mengapa banyak sms sampah masuk ? apakah data kita bocor ? padahal tidak pernah isi pulsa di toko .","min, ini kok banyak sms sampah masuk? soalnya data kita bocor, padahal gak pernah isi pulsa di toko.",False
google/gemma-3-4b-it,formal,informal,hybrid_early,0.5,"kan akun kamu private , jadi mereka tidak bisa lihat .","""akun kamu private , jadi gak bisa liat tuh""",False
google/gemma-3-4b-it,formal,informal,hybrid_early,0.5,tolong xxxuserxxx . kenapa jaringan hilang tidak jelas terus ?,"min , kenapa jaringan hilang gak jelas mulu?",False
google/gemma-3-4b-it,formal,informal,hybrid_early,0.5,transfer masih tidak bisakah ?,"min, transfernya kok masih gak kebayar ya?",False
google/gemma-3-4b-it,formal,informal,hybrid_early,0.5,"saya sudah dm , tolong segera dicek dan ditangani . uang saya tidak sedikit yang di - top up tetapi tidak masuk sama sekali .","sudah saya dm, tolong segera di cek dan ditangani. uang saya gak sedikit yg di top up tapi gak masuk sama sekali.",False
google/gemma-3-4b-it,formal,informal,hybrid_early,0.5,balas chatnya mas crush . padahal dia balas berjam - jam kemudian .,"“udah saya dm , balas aja chatnya”",False
google/gemma-3-4b-it,formal,informal,hybrid_early,0.5,"bagaimana , kak ? berhari - hari saya bertanya tetapi tidak menghasilkan solusi . saya lelah .",“kok ya masih gini sih kak? udah berhari-hari nanya tapi gak ada kedengeran. kesel banget tau”,False
google/gemma-3-4b-it,formal,informal,hybrid_early,0.5,blacklist saja ini toko kalau seperti ini hahaha .,"""blacklist aja nih toko ini, parah hahaha.""",False
google/gemma-3-4b-it,formal,informal,hybrid_early,0.5,"halo admin . saya ingin menonaktifkan akun go - jek saya . mohon diperiksa dmnya . saya sedih , sudah dari kemarin mention namun tidak ada tanggapan .","“halo admin , mau cancel akun gojek nih . tolong cek dm ya min , sedih banget udah dari kemarin mention gak di bales”",False
google/gemma-3-4b-it,formal,informal,hybrid_early,0.5,"saya mau beli aplikasi menggunakan pulsa tapi saat verifikasi via sms dari google play gagal terus ini , bagaimana ?","“min , mau nanya . kok waktu beli aplikasi di google play lewat pulsa , verifikasinya gagal terus ya ? gimana dong?”",False
google/gemma-3-4b-it,formal,informal,hybrid_early,0.5,apakah lagi ada gangguan ? kenapa tidak bisa mau pesan grabfood ? kelaparan ini .,“kok gak bisa pesen grabfood sih? kelaperan akut bgt min.”,False
google/gemma-3-4b-it,formal,informal,hybrid_early,0.5,berapa sisa kuota dan masa aktif paket internet di nomor xxxnumberxxx sekarang ?,"min, sisa kuota sama masa aktif paket internet di nomor xxxnumberxxx sekarang berapa ya?",False
google/gemma-3-4b-it,formal,informal,hybrid_early,0.5,"tolong cek dm , admin . akun saya tidak bisa digunakan untuk memesan grabfood , padahal saya sudah beli paket grabfood langganan .","min, kok grabfood gak bisa diorder ya? udah langganan tapii gak bisa 😭",False
google/gemma-3-4b-it,formal,informal,hybrid_early,0.5,iya sudah selesai min . paketnya ditaruh disamping halaman rumah saya sama kurirnya .,"“iya udah kok min , paketnya udah dianter samping rumah , thanks!”",True
google/gemma-3-4b-it,formal,informal,hybrid_early,0.5,semoga cepat masuk kak saldonya . admin xxxuserxxx mohon cepat ditindaklanjuti masalahnya .,"min, kok saldo saya belum masuk ya? nomornya xxxuserxxx, mohon admin segera tindaklanjuti masalahnya. terima kasih.",False
google/gemma-3-4b-it,formal,informal,hybrid_early,0.5,"aku kasih nomorku tetapi jangan whatsapp yang aneh - aneh , admin . aku mudah membawa perasaan sebabnya .","min, no aku gak bisa whatsapp aneh2 ya admin, aku baperan banget soalnya.",False
google/gemma-3-4b-it,formal,informal,hybrid_early,0.5,"coba periksa di daerah bandar lampung , banyak yang mengeluhkan hal yang sama . siapa tahu , ada masalah . masa , xxxnumberxxx jam mitranya selalu sibuk .","min, coba cek di bandar lampung ya, banyak yg komplain kayak gini. siapa tahu ada masalah, masa mitranya selalu sibuk tuh, nomor xxxnumberxxx.",False
google/gemma-3-4b-it,formal,informal,hybrid_early,0.5,"semoga diganti dengan yang lebih baik , mbak .","mbak , semoga bisa cepat ganti ya 🙏",False
google/gemma-3-4b-it,formal,informal,hybrid_early,0.5,"tidak sempat mengambil foto . namun pesannya , "" kartu / rekening tidak benar "" di negara xxxnumberxxx hume hwy , casula nsw xxxnumberxxx , australia .","“gak sempat foto, pesannya “kartu/rekening gak bener” di negara +xxxnumberxxx hume hwy, casula nsw australia +xxxnumberxxx.”",False
google/gemma-3-4b-it,formal,informal,hybrid_early,0.5,"ada apa denganmu ? kenapa setiap malam susah sekali sinyalnya , padahal sore saja bagus sekali .","hai min , sinyal malam susah banget ya ? padahal sore udah bagus gitu , knp ya ?",False
google/gemma-3-4b-it,formal,informal,hybrid_early,0.5,bisa cek saja aplikasi mytelkomsel kalau tidak bisa * xxxnumberxxx *,"min, bisa cek aplikasi mytelkomsel aja ya kalau gak bisa * xxxnumberxxx",False
google/gemma-3-4b-it,formal,informal,hybrid_early,0.5,kenapa saya mau login tidak masuk - masuk passcodenya ?,"min, kenapa pas mau login kok gak masuk ya? passcodenya?",True
google/gemma-3-4b-it,formal,informal,hybrid_early,0.5,apakah dia lulusan kkn di desa penari ?,"min, dia kkn di desa penari gak ya?",False
google/gemma-3-4b-it,formal,informal,hybrid_early,0.5,driver di jogjakarta sedang apa ? mengapa sibuk semua ? lapar nih .,driver jogja lagi apa ya? kok rame banget sih? kelaperan nih.,False
google/gemma-3-4b-it,formal,informal,hybrid_early,0.5,: seberapa kamu ? : saya mau ke pasar senen ? : terus ? : saya berangkatnya hari minggu !,""": seberapa kamu ? : mau ke pasar senen minggu depan : terus ? : berangkatnya minggu ini !""",False
google/gemma-3-4b-it,formal,informal,hybrid_early,0.5,apakah saya bisa mendaftar online menggunakan sim sementara ?,"min, bisa daftar online pake sim sementara gak ya?",False
google/gemma-3-4b-it,formal,informal,hybrid_early,0.5,"admin mau tanya , mohon dicek apakah nomor xxxnumberxxx xxxnumberxxx itu dari pihak bni , terima kasih .","min, nomor xxxnumberxxx itu dari bni gak ya? thanks",False
google/gemma-3-4b-it,formal,informal,hybrid_early,0.5,mohon maaf saya transfer dana untuk top up . tapi hingga saat ini belum masuk . bagaimana ?,"“saya topup ke shopee pay , udah berhasil tapi kok di aplikasi tetep gak masuk ya ? tolong di cek dm ya . makasih.”",False
google/gemma-3-4b-it,formal,informal,hybrid_early,0.5,bagaimana apabila layanan perbaikan mesin ed dan pengiriman kertas thermal dari layanan mandiri edc tidak kunjung datang ?,“kok lama banget sih? perbaikan ed dan kertas thermal dari EDC mandiri belum dateng-dateng. ribet banget ini!”,False
google/gemma-3-4b-it,formal,informal,hybrid_early,0.5,"mengapa jaringan di permainan selalu buruk ? selalu turun , ping tidak pernah stabil .","""kok jaringan di game selalu turun mulu sih? pingnya juga gak stabil banget""",False
google/gemma-3-4b-it,formal,informal,hybrid_early,0.5,mbak tidak sedang promosi ?,"“min, kok gak bisa daftar paket ya?”",False
google/gemma-3-4b-it,formal,informal,hybrid_early,0.5,"hai xxxuserxxx . apakah sinyal xxxnumberxxx g - nya sedang ada gangguan ? mengapa saya kesulitan akses internet saya di rawamangun , jakarta timur . infonya","hai xxxuserxxx , kok internet ku ngelag ya di rawamangun jaktim . bisa tolong bantuarnya dong , infonya",True
google/gemma-3-4b-it,formal,informal,hybrid_early,0.5,terima kasih xxxuserxxx . karena sudah diberikan voucher potongan pulsa xxxpercentxxx .,"""makasi banyak voucher potongan pulsa xxxpercentxxx , keren abis!""",True
google/gemma-3-4b-it,formal,informal,hybrid_early,0.5,padahal kalau di tengah enak . pagi ini kirim dari jakarta atau jawa barat . besok sorenya sampai .,"“pagi ini dikirm dri jakarta atau jwb barat , sabtu sore sampe.”",False
google/gemma-3-4b-it,formal,informal,hybrid_early,0.5,"aneh , bukalapak dari kemarin - kemmarin balas cuma bisa itu - itu saja . niat membantu atau tidak ?","min, bukalapak dari kemarin - kemarin balesnya cuma bisa gitu-gitu doang. niat bantuin apa nggak sih?",False
