metrik,konfigurasi_a,konfigurasi_b,n_pasangan,selisih_mean,ci95_bawah,ci95_atas,bermakna_95,p_wilcoxon,p_permutasi_tanda
content_preservation,formal|bm25|k10,formal|bm25|k5,250,0.03177,0.0175,0.04623,True,0.00035,0.0
content_preservation,formal|bm25|k10,formal|centroid|k10,250,0.0572,0.03966,0.07633,True,0.0,0.0
content_preservation,formal|bm25|k10,formal|centroid|k5,250,0.10131,0.0825,0.12055,True,0.0,0.0
content_preservation,formal|bm25|k10,formal|dense|k10,250,0.01872,0.00556,0.03247,True,0.00507,0.0072
content_preservation,formal|bm25|k10,formal|dense|k5,250,0.02717,0.01431,0.04005,True,1e-05,0.0002
content_preservation,formal|bm25|k10,formal|hybrid_early|a0.1|k10,250,0.05994,0.043,0.07822,True,0.0,0.0
content_preservation,formal|bm25|k10,formal|hybrid_early|a0.1|k5,250,0.07814,0.06197,0.09499,True,0.0,0.0
content_preservation,formal|bm25|k10,formal|hybrid_early|a0.3|k10,250,0.03555,0.02016,0.05156,True,1e-05,0.0
content_preservation,formal|bm25|k10,formal|hybrid_early|a0.3|k5,250,0.05505,0.03801,0.07248,True,0.0,0.0
content_preservation,formal|bm25|k10,formal|hybrid_early|a0.5|k10,250,0.02087,0.0068,0.03507,True,0.00171,0.0027
content_preservation,formal|bm25|k10,formal|hybrid_early|a0.5|k5,250,0.03295,0.01892,0.04702,True,0.0,0.0
content_preservation,formal|bm25|k10,formal|hybrid_early|a0.7|k10,250,0.02174,0.00793,0.03571,True,0.00446,0.002
content_preservation,formal|bm25|k10,formal|hybrid_early|a0.7|k5,250,0.03713,0.02395,0.05039,True,0.0,0.0
content_preservation,formal|bm25|k10,formal|hybrid_early|a0.9|k10,250,0.01445,0.00075,0.02787,True,0.00509,0.0358
content_preservation,formal|bm25|k10,formal|hybrid_early|a0.9|k5,250,0.03045,0.01877,0.04223,True,0.0,0.0
content_preservation,formal|bm25|k10,formal|random|k10,250,0.04654,0.03024,0.06342,True,0.0,0.0
content_preservation,formal|bm25|k10,formal|random|k5,250,0.06192,0.04576,0.07839,True,0.0,0.0
content_preservation,formal|bm25|k10,formal|zero_shot|k5,250,0.31141,0.28379,0.33955,True,0.0,0.0
content_preservation,formal|bm25|k5,formal|centroid|k10,250,0.02543,0.00717,0.04466,True,0.04333,0.0068
content_preservation,formal|bm25|k5,formal|centroid|k5,250,0.06954,0.05073,0.08918,True,0.0,0.0
content_preservation,formal|bm25|k5,formal|dense|k10,250,-0.01305,-0.03002,0.00416,False,0.37317,0.1395
content_preservation,formal|bm25|k5,formal|dense|k5,250,-0.0046,-0.0204,0.01097,False,0.96381,0.5621
content_preservation,formal|bm25|k5,formal|hybrid_early|a0.1|k10,250,0.02817,0.00961,0.04714,True,0.00396,0.003
content_preservation,formal|bm25|k5,formal|hybrid_early|a0.1|k5,250,0.04637,0.0294,0.06406,True,0.0,0.0
content_preservation,formal|bm25|k5,formal|hybrid_early|a0.3|k10,250,0.00378,-0.01304,0.02086,False,0.64108,0.6606
content_preservation,formal|bm25|k5,formal|hybrid_early|a0.3|k5,250,0.02328,0.00624,0.04043,True,0.00476,0.0077
content_preservation,formal|bm25|k5,formal|hybrid_early|a0.5|k10,250,-0.01091,-0.02751,0.00605,False,0.4949,0.2088
content_preservation,formal|bm25|k5,formal|hybrid_early|a0.5|k5,250,0.00117,-0.01543,0.01752,False,0.55032,0.8965
content_preservation,formal|bm25|k5,formal|hybrid_early|a0.7|k10,250,-0.01003,-0.02588,0.00613,False,0.40036,0.2251
content_preservation,formal|bm25|k5,formal|hybrid_early|a0.7|k5,250,0.00536,-0.01016,0.02075,False,0.10253,0.5014
content_preservation,formal|bm25|k5,formal|hybrid_early|a0.9|k10,250,-0.01732,-0.0349,-0.00016,True,0.24958,0.0491
content_preservation,formal|bm25|k5,formal|hybrid_early|a0.9|k5,250,-0.00132,-0.01604,0.01317,False,0.44898,0.8581
content_preservation,formal|bm25|k5,formal|random|k10,250,0.01477,-0.00236,0.03254,False,0.06329,0.105
content_preservation,formal|bm25|k5,formal|random|k5,250,0.03014,0.01377,0.0471,True,5e-05,0.0005
content_preservation,formal|bm25|k5,formal|zero_shot|k5,250,0.27964,0.25263,0.30687,True,0.0,0.0
content_preservation,formal|centroid|k10,formal|centroid|k5,250,0.04411,0.02779,0.06005,True,0.0,0.0
content_preservation,formal|centroid|k10,formal|dense|k10,250,-0.03848,-0.05752,-0.01996,True,0.00026,0.0
content_preservation,formal|centroid|k10,formal|dense|k5,250,-0.03003,-0.04794,-0.01266,True,0.02432,0.0009
content_preservation,formal|centroid|k10,formal|hybrid_early|a0.1|k10,250,0.00274,-0.013,0.01845,False,0.79428,0.7279
content_preservation,formal|centroid|k10,formal|hybrid_early|a0.1|k5,250,0.02094,0.00583,0.03498,True,0.0,0.0061
content_preservation,formal|centroid|k10,formal|hybrid_early|a0.3|k10,250,-0.02165,-0.03795,-0.00586,True,0.01115,0.0094
content_preservation,formal|centroid|k10,formal|hybrid_early|a0.3|k5,250,-0.00215,-0.02,0.01475,False,0.43023,0.8096
content_preservation,formal|centroid|k10,formal|hybrid_early|a0.5|k10,250,-0.03634,-0.05414,-0.01899,True,0.00319,0.0
content_preservation,formal|centroid|k10,formal|hybrid_early|a0.5|k5,250,-0.02426,-0.04263,-0.00731,True,0.10514,0.0089
content_preservation,formal|centroid|k10,formal|hybrid_early|a0.7|k10,250,-0.03546,-0.05249,-0.01872,True,5e-05,0.0001
content_preservation,formal|centroid|k10,formal|hybrid_early|a0.7|k5,250,-0.02007,-0.03637,-0.00431,True,0.18143,0.018
content_preservation,formal|centroid|k10,formal|hybrid_early|a0.9|k10,250,-0.04275,-0.06256,-0.02453,True,0.00032,0.0
content_preservation,formal|centroid|k10,formal|hybrid_early|a0.9|k5,250,-0.02675,-0.04426,-0.00988,True,0.09352,0.0026
content_preservation,formal|centroid|k10,formal|random|k10,250,-0.01066,-0.02905,0.00735,False,0.55267,0.2536
content_preservation,formal|centroid|k10,formal|random|k5,250,0.00471,-0.01502,0.02409,False,0.08139,0.6309
content_preservation,formal|centroid|k10,formal|zero_shot|k5,250,0.25421,0.22724,0.2812,True,0.0,0.0
content_preservation,formal|centroid|k5,formal|dense|k10,250,-0.08259,-0.10143,-0.06364,True,0.0,0.0
content_preservation,formal|centroid|k5,formal|dense|k5,250,-0.07414,-0.09252,-0.0559,True,0.0,0.0
content_preservation,formal|centroid|k5,formal|hybrid_early|a0.1|k10,250,-0.04137,-0.05653,-0.02603,True,0.0,0.0
content_preservation,formal|centroid|k5,formal|hybrid_early|a0.1|k5,250,-0.02318,-0.03736,-0.00873,True,0.00155,0.001
content_preservation,formal|centroid|k5,formal|hybrid_early|a0.3|k10,250,-0.06576,-0.08178,-0.05016,True,0.0,0.0
content_preservation,formal|centroid|k5,formal|hybrid_early|a0.3|k5,250,-0.04626,-0.06351,-0.02924,True,0.0,0.0
content_preservation,formal|centroid|k5,formal|hybrid_early|a0.5|k10,250,-0.08045,-0.09746,-0.06411,True,0.0,0.0
content_preservation,formal|centroid|k5,formal|hybrid_early|a0.5|k5,250,-0.06837,-0.08513,-0.05205,True,0.0,0.0
content_preservation,formal|centroid|k5,formal|hybrid_early|a0.7|k10,250,-0.07957,-0.09716,-0.06231,True,0.0,0.0
content_preservation,formal|centroid|k5,formal|hybrid_early|a0.7|k5,250,-0.06418,-0.08121,-0.04743,True,0.0,0.0
content_preservation,formal|centroid|k5,formal|hybrid_early|a0.9|k10,250,-0.08686,-0.1061,-0.06888,True,0.0,0.0
content_preservation,formal|centroid|k5,formal|hybrid_early|a0.9|k5,250,-0.07086,-0.08862,-0.05344,True,0.0,0.0
content_preservation,formal|centroid|k5,formal|random|k10,250,-0.05477,-0.07209,-0.03723,True,0.0,0.0
content_preservation,formal|centroid|k5,formal|random|k5,250,-0.0394,-0.05729,-0.02153,True,5e-05,0.0
content_preservation,formal|centroid|k5,formal|zero_shot|k5,250,0.2101,0.18526,0.23471,True,0.0,0.0
content_preservation,formal|dense|k10,formal|dense|k5,250,0.00845,-0.00267,0.01951,False,0.09355,0.141
content_preservation,formal|dense|k10,formal|hybrid_early|a0.1|k10,250,0.04122,0.02348,0.05952,True,0.0001,0.0
content_preservation,formal|dense|k10,formal|hybrid_early|a0.1|k5,250,0.05942,0.04344,0.07577,True,0.0,0.0
content_preservation,formal|dense|k10,formal|hybrid_early|a0.3|k10,250,0.01683,0.00131,0.03241,True,0.03476,0.0366
content_preservation,formal|dense|k10,formal|hybrid_early|a0.3|k5,250,0.03633,0.01998,0.05293,True,1e-05,0.0
content_preservation,formal|dense|k10,formal|hybrid_early|a0.5|k10,250,0.00214,-0.01071,0.0153,False,0.65348,0.745
content_preservation,formal|dense|k10,formal|hybrid_early|a0.5|k5,250,0.01422,0.00079,0.02759,True,0.00807,0.0389
content_preservation,formal|dense|k10,formal|hybrid_early|a0.7|k10,250,0.00302,-0.00924,0.01509,False,0.41904,0.6311
content_preservation,formal|dense|k10,formal|hybrid_early|a0.7|k5,250,0.01841,0.00645,0.03055,True,0.00106,0.003
content_preservation,formal|dense|k10,formal|hybrid_early|a0.9|k10,250,-0.00427,-0.01529,0.00611,False,0.59629,0.4359
content_preservation,formal|dense|k10,formal|hybrid_early|a0.9|k5,250,0.01173,-0.00013,0.02334,False,0.01411,0.0466
content_preservation,formal|dense|k10,formal|random|k10,250,0.02782,0.01026,0.04544,True,0.00289,0.0021
content_preservation,formal|dense|k10,formal|random|k5,250,0.04319,0.02574,0.06103,True,0.0,0.0
content_preservation,formal|dense|k10,formal|zero_shot|k5,250,0.29269,0.26629,0.31892,True,0.0,0.0
content_preservation,formal|dense|k5,formal|hybrid_early|a0.1|k10,250,0.03277,0.01471,0.05142,True,0.00938,0.001
content_preservation,formal|dense|k5,formal|hybrid_early|a0.1|k5,250,0.05097,0.0349,0.06718,True,0.0,0.0
content_preservation,formal|dense|k5,formal|hybrid_early|a0.3|k10,250,0.00838,-0.00744,0.02461,False,0.71495,0.3138
content_preservation,formal|dense|k5,formal|hybrid_early|a0.3|k5,250,0.02789,0.01103,0.04505,True,0.00031,0.0011
content_preservation,formal|dense|k5,formal|hybrid_early|a0.5|k10,250,-0.0063,-0.01998,0.00747,False,0.27566,0.3694
content_preservation,formal|dense|k5,formal|hybrid_early|a0.5|k5,250,0.00578,-0.00709,0.01837,False,0.26664,0.3701
content_preservation,formal|dense|k5,formal|hybrid_early|a0.7|k10,250,-0.00542,-0.01813,0.00734,False,0.21371,0.4137
content_preservation,formal|dense|k5,formal|hybrid_early|a0.7|k5,250,0.00996,-0.00121,0.02127,False,0.03715,0.0832
content_preservation,formal|dense|k5,formal|hybrid_early|a0.9|k10,250,-0.01272,-0.02457,-0.00112,True,0.00802,0.0361
content_preservation,formal|dense|k5,formal|hybrid_early|a0.9|k5,250,0.00328,-0.00485,0.01155,False,0.27334,0.4316
content_preservation,formal|dense|k5,formal|random|k10,250,0.01938,0.00292,0.03631,True,0.04876,0.0235
content_preservation,formal|dense|k5,formal|random|k5,250,0.03475,0.01776,0.05192,True,7e-05,0.0002
content_preservation,formal|dense|k5,formal|zero_shot|k5,250,0.28424,0.25762,0.31069,True,0.0,0.0
content_preservation,formal|hybrid_early|a0.1|k10,formal|hybrid_early|a0.1|k5,250,0.0182,0.00454,0.03209,True,0.00057,0.0102
content_preservation,formal|hybrid_early|a0.1|k10,formal|hybrid_early|a0.3|k10,250,-0.02439,-0.03923,-0.01042,True,0.00279,0.0007
content_preservation,formal|hybrid_early|a0.1|k10,formal|hybrid_early|a0.3|k5,250,-0.00489,-0.0221,0.01184,False,0.74606,0.5608
content_preservation,formal|hybrid_early|a0.1|k10,formal|hybrid_early|a0.5|k10,250,-0.03908,-0.05574,-0.02294,True,0.0004,0.0
content_preservation,formal|hybrid_early|a0.1|k10,formal|hybrid_early|a0.5|k5,250,-0.027,-0.04406,-0.01066,True,0.09199,0.002
content_preservation,formal|hybrid_early|a0.1|k10,formal|hybrid_early|a0.7|k10,250,-0.0382,-0.05475,-0.02232,True,5e-05,0.0
content_preservation,formal|hybrid_early|a0.1|k10,formal|hybrid_early|a0.7|k5,250,-0.02281,-0.04012,-0.00631,True,0.15326,0.0095
content_preservation,formal|hybrid_early|a0.1|k10,formal|hybrid_early|a0.9|k10,250,-0.04549,-0.06474,-0.02766,True,5e-05,0.0
content_preservation,formal|hybrid_early|a0.1|k10,formal|hybrid_early|a0.9|k5,250,-0.02949,-0.04595,-0.01363,True,0.01653,0.0005
content_preservation,formal|hybrid_early|a0.1|k10,formal|random|k10,250,-0.0134,-0.03177,0.00481,False,0.37112,0.16
content_preservation,formal|hybrid_early|a0.1|k10,formal|random|k5,250,0.00197,-0.01593,0.01989,False,0.16184,0.829
content_preservation,formal|hybrid_early|a0.1|k10,formal|zero_shot|k5,250,0.25147,0.22383,0.27882,True,0.0,0.0
content_preservation,formal|hybrid_early|a0.1|k5,formal|hybrid_early|a0.3|k10,250,-0.04259,-0.05864,-0.02735,True,0.0,0.0
content_preservation,formal|hybrid_early|a0.1|k5,formal|hybrid_early|a0.3|k5,250,-0.02308,-0.03896,-0.00701,True,0.00052,0.0059
content_preservation,formal|hybrid_early|a0.1|k5,formal|hybrid_early|a0.5|k10,250,-0.05727,-0.0727,-0.04198,True,0.0,0.0
content_preservation,formal|hybrid_early|a0.1|k5,formal|hybrid_early|a0.5|k5,250,-0.04519,-0.06033,-0.03034,True,0.0,0.0
content_preservation,formal|hybrid_early|a0.1|k5,formal|hybrid_early|a0.7|k10,250,-0.05639,-0.07168,-0.04172,True,0.0,0.0
content_preservation,formal|hybrid_early|a0.1|k5,formal|hybrid_early|a0.7|k5,250,-0.04101,-0.0566,-0.02546,True,0.0,0.0
content_preservation,formal|hybrid_early|a0.1|k5,formal|hybrid_early|a0.9|k10,250,-0.06369,-0.08121,-0.04756,True,0.0,0.0
content_preservation,formal|hybrid_early|a0.1|k5,formal|hybrid_early|a0.9|k5,250,-0.04769,-0.06356,-0.03229,True,0.0,0.0
content_preservation,formal|hybrid_early|a0.1|k5,formal|random|k10,250,-0.03159,-0.04797,-0.01511,True,1e-05,0.0002
content_preservation,formal|hybrid_early|a0.1|k5,formal|random|k5,250,-0.01622,-0.03313,0.00056,False,0.05871,0.0627
content_preservation,formal|hybrid_early|a0.1|k5,formal|zero_shot|k5,250,0.23328,0.20777,0.25936,True,0.0,0.0
content_preservation,formal|hybrid_early|a0.3|k10,formal|hybrid_early|a0.3|k5,250,0.0195,0.00432,0.03511,True,0.00687,0.0129
content_preservation,formal|hybrid_early|a0.3|k10,formal|hybrid_early|a0.5|k10,250,-0.01468,-0.02894,-0.00065,True,0.26187,0.05
content_preservation,formal|hybrid_early|a0.3|k10,formal|hybrid_early|a0.5|k5,250,-0.0026,-0.01804,0.01208,False,0.36133,0.7312
content_preservation,formal|hybrid_early|a0.3|k10,formal|hybrid_early|a0.7|k10,250,-0.0138,-0.02835,8e-05,False,0.14842,0.0607
content_preservation,formal|hybrid_early|a0.3|k10,formal|hybrid_early|a0.7|k5,250,0.00158,-0.01338,0.01604,False,0.16965,0.831
content_preservation,formal|hybrid_early|a0.3|k10,formal|hybrid_early|a0.9|k10,250,-0.0211,-0.03757,-0.00539,True,0.02875,0.0103
content_preservation,formal|hybrid_early|a0.3|k10,formal|hybrid_early|a0.9|k5,250,-0.0051,-0.01977,0.00939,False,0.90722,0.5004
content_preservation,formal|hybrid_early|a0.3|k10,formal|random|k10,250,0.011,-0.00616,0.02854,False,0.17301,0.2188
content_preservation,formal|hybrid_early|a0.3|k10,formal|random|k5,250,0.02637,0.00879,0.04373,True,0.00065,0.0027
content_preservation,formal|hybrid_early|a0.3|k10,formal|zero_shot|k5,250,0.27586,0.25125,0.30127,True,0.0,0.0
content_preservation,formal|hybrid_early|a0.3|k5,formal|hybrid_early|a0.5|k10,250,-0.03419,-0.0498,-0.0192,True,4e-05,0.0
content_preservation,formal|hybrid_early|a0.3|k5,formal|hybrid_early|a0.5|k5,250,-0.02211,-0.03794,-0.00687,True,0.0147,0.0041
content_preservation,formal|hybrid_early|a0.3|k5,formal|hybrid_early|a0.7|k10,250,-0.03331,-0.05034,-0.01686,True,1e-05,0.0002
content_preservation,formal|hybrid_early|a0.3|k5,formal|hybrid_early|a0.7|k5,250,-0.01792,-0.03418,-0.00202,True,0.02811,0.0318
content_preservation,formal|hybrid_early|a0.3|k5,formal|hybrid_early|a0.9|k10,250,-0.0406,-0.05872,-0.02353,True,0.0,0.0
content_preservation,formal|hybrid_early|a0.3|k5,formal|hybrid_early|a0.9|k5,250,-0.0246,-0.04065,-0.00881,True,0.00113,0.0021
content_preservation,formal|hybrid_early|a0.3|k5,formal|random|k10,250,-0.00851,-0.02737,0.01001,False,0.37399,0.3824
content_preservation,formal|hybrid_early|a0.3|k5,formal|random|k5,250,0.00686,-0.01098,0.02435,False,0.22373,0.4532
content_preservation,formal|hybrid_early|a0.3|k5,formal|zero_shot|k5,250,0.25636,0.23039,0.28276,True,0.0,0.0
content_preservation,formal|hybrid_early|a0.5|k10,formal|hybrid_early|a0.5|k5,250,0.01208,-0.00065,0.02463,False,0.01747,0.0614
content_preservation,formal|hybrid_early|a0.5|k10,formal|hybrid_early|a0.7|k10,250,0.00088,-0.0096,0.0118,False,0.57187,0.8788
content_preservation,formal|hybrid_early|a0.5|k10,formal|hybrid_early|a0.7|k5,250,0.01627,0.00436,0.02801,True,0.0084,0.0069
content_preservation,formal|hybrid_early|a0.5|k10,formal|hybrid_early|a0.9|k10,250,-0.00642,-0.01971,0.00662,False,0.3313,0.3487
content_preservation,formal|hybrid_early|a0.5|k10,formal|hybrid_early|a0.9|k5,250,0.00959,-0.00299,0.02194,False,0.1795,0.1275
content_preservation,formal|hybrid_early|a0.5|k10,formal|random|k10,250,0.02568,0.00894,0.04268,True,0.01672,0.0046
content_preservation,formal|hybrid_early|a0.5|k10,formal|random|k5,250,0.04105,0.02399,0.05802,True,0.0,0.0
content_preservation,formal|hybrid_early|a0.5|k10,formal|zero_shot|k5,250,0.29055,0.26423,0.31721,True,0.0,0.0
content_preservation,formal|hybrid_early|a0.5|k5,formal|hybrid_early|a0.7|k10,250,-0.0112,-0.02388,0.00147,False,0.00133,0.084
content_preservation,formal|hybrid_early|a0.5|k5,formal|hybrid_early|a0.7|k5,250,0.00419,-0.0079,0.01666,False,0.62763,0.5
content_preservation,formal|hybrid_early|a0.5|k5,formal|hybrid_early|a0.9|k10,250,-0.0185,-0.03079,-0.00641,True,0.00275,0.003
content_preservation,formal|hybrid_early|a0.5|k5,formal|hybrid_early|a0.9|k5,250,-0.00249,-0.01527,0.01017,False,0.59418,0.6986
content_preservation,formal|hybrid_early|a0.5|k5,formal|random|k10,250,0.0136,-0.00268,0.03066,False,0.34113,0.1132
content_preservation,formal|hybrid_early|a0.5|k5,formal|random|k5,250,0.02897,0.01312,0.04575,True,0.0007,0.0003
content_preservation,formal|hybrid_early|a0.5|k5,formal|zero_shot|k5,250,0.27847,0.25258,0.30449,True,0.0,0.0
content_preservation,formal|hybrid_early|a0.7|k10,formal|hybrid_early|a0.7|k5,250,0.01539,0.00519,0.02599,True,0.00273,0.0042
content_preservation,formal|hybrid_early|a0.7|k10,formal|hybrid_early|a0.9|k10,250,-0.00729,-0.01953,0.00467,False,0.32028,0.2549
content_preservation,formal|hybrid_early|a0.7|k10,formal|hybrid_early|a0.9|k5,250,0.00871,-0.00268,0.01997,False,0.01655,0.1272
content_preservation,formal|hybrid_early|a0.7|k10,formal|random|k10,250,0.0248,0.00897,0.04128,True,0.0073,0.004
content_preservation,formal|hybrid_early|a0.7|k10,formal|random|k5,250,0.04017,0.0239,0.05663,True,0.0,0.0
content_preservation,formal|hybrid_early|a0.7|k10,formal|zero_shot|k5,250,0.28967,0.26349,0.31546,True,0.0,0.0
content_preservation,formal|hybrid_early|a0.7|k5,formal|hybrid_early|a0.9|k10,250,-0.02268,-0.03531,-0.01055,True,0.00025,0.0003
content_preservation,formal|hybrid_early|a0.7|k5,formal|hybrid_early|a0.9|k5,250,-0.00668,-0.01685,0.0034,False,0.2393,0.1946
content_preservation,formal|hybrid_early|a0.7|k5,formal|random|k10,250,0.00941,-0.00626,0.02516,False,0.67908,0.2516
content_preservation,formal|hybrid_early|a0.7|k5,formal|random|k5,250,0.02479,0.00823,0.04167,True,0.00479,0.0042
content_preservation,formal|hybrid_early|a0.7|k5,formal|zero_shot|k5,250,0.27428,0.24796,0.30055,True,0.0,0.0
content_preservation,formal|hybrid_early|a0.9|k10,formal|hybrid_early|a0.9|k5,250,0.016,0.00423,0.02838,True,0.00946,0.0086
content_preservation,formal|hybrid_early|a0.9|k10,formal|random|k10,250,0.03209,0.01454,0.05015,True,0.00112,0.0001
content_preservation,formal|hybrid_early|a0.9|k10,formal|random|k5,250,0.04747,0.02927,0.06615,True,0.0,0.0
content_preservation,formal|hybrid_early|a0.9|k10,formal|zero_shot|k5,250,0.29696,0.26992,0.32363,True,0.0,0.0
content_preservation,formal|hybrid_early|a0.9|k5,formal|random|k10,250,0.01609,0.00047,0.0323,True,0.16357,0.0499
content_preservation,formal|hybrid_early|a0.9|k5,formal|random|k5,250,0.03146,0.01564,0.04764,True,0.00031,0.0
content_preservation,formal|hybrid_early|a0.9|k5,formal|zero_shot|k5,250,0.28096,0.25441,0.30708,True,0.0,0.0
content_preservation,formal|random|k10,formal|random|k5,250,0.01537,0.00025,0.02991,True,0.00481,0.044
content_preservation,formal|random|k10,formal|zero_shot|k5,250,0.26487,0.23904,0.2909,True,0.0,0.0
content_preservation,formal|random|k5,formal|zero_shot|k5,250,0.2495,0.22319,0.27641,True,0.0,0.0
content_preservation,informal|bm25|k10,informal|bm25|k5,250,0.00248,-0.00975,0.0139,False,0.31538,0.69
content_preservation,informal|bm25|k10,informal|centroid|k10,250,0.03425,0.01628,0.05199,True,0.00151,0.0003
content_preservation,informal|bm25|k10,informal|centroid|k5,250,0.02936,0.01284,0.04614,True,0.00067,0.0009
content_preservation,informal|bm25|k10,informal|dense|k10,250,-0.00216,-0.01672,0.01201,False,0.85615,0.76
content_preservation,informal|bm25|k10,informal|dense|k5,250,0.00034,-0.01274,0.013,False,0.35948,0.9575
content_preservation,informal|bm25|k10,informal|hybrid_early|a0.1|k10,250,0.02435,0.00857,0.04042,True,0.0036,0.0017
content_preservation,informal|bm25|k10,informal|hybrid_early|a0.1|k5,250,0.03621,0.01989,0.05196,True,0.0,0.0
content_preservation,informal|bm25|k10,informal|hybrid_early|a0.3|k10,250,0.00291,-0.01213,0.0176,False,0.38539,0.7058
content_preservation,informal|bm25|k10,informal|hybrid_early|a0.3|k5,250,0.01593,0.00218,0.02945,True,0.00496,0.0244
content_preservation,informal|bm25|k10,informal|hybrid_early|a0.5|k10,250,-0.00129,-0.01666,0.01418,False,0.85252,0.8722
content_preservation,informal|bm25|k10,informal|hybrid_early|a0.5|k5,250,0.01213,-0.00268,0.02666,False,0.08672,0.1045
content_preservation,informal|bm25|k10,informal|hybrid_early|a0.7|k10,250,-0.00596,-0.02051,0.00831,False,0.6558,0.4149
content_preservation,informal|bm25|k10,informal|hybrid_early|a0.7|k5,250,0.00812,-0.0072,0.02323,False,0.12464,0.2867
content_preservation,informal|bm25|k10,informal|hybrid_early|a0.9|k10,250,-0.00082,-0.01616,0.01424,False,0.57434,0.9112
content_preservation,informal|bm25|k10,informal|hybrid_early|a0.9|k5,250,-0.00082,-0.01466,0.0128,False,0.51285,0.909
content_preservation,informal|bm25|k10,informal|random|k10,250,0.05126,0.03536,0.06766,True,0.0,0.0
content_preservation,informal|bm25|k10,informal|random|k5,250,0.06256,0.04536,0.0803,True,0.0,0.0
content_preservation,informal|bm25|k10,informal|zero_shot|k5,250,0.22715,0.20201,0.25198,True,0.0,0.0
content_preservation,informal|bm25|k5,informal|centroid|k10,250,0.03178,0.01395,0.05007,True,0.00367,0.0007
content_preservation,informal|bm25|k5,informal|centroid|k5,250,0.02688,0.01258,0.04184,True,0.00184,0.0006
content_preservation,informal|bm25|k5,informal|dense|k10,250,-0.00464,-0.01687,0.00738,False,0.78491,0.4633
content_preservation,informal|bm25|k5,informal|dense|k5,250,-0.00214,-0.01407,0.00958,False,0.73954,0.722
content_preservation,informal|bm25|k5,informal|hybrid_early|a0.1|k10,250,0.02188,0.00709,0.0371,True,0.00268,0.0032
content_preservation,informal|bm25|k5,informal|hybrid_early|a0.1|k5,250,0.03374,0.01918,0.04886,True,1e-05,0.0
content_preservation,informal|bm25|k5,informal|hybrid_early|a0.3|k10,250,0.00044,-0.01303,0.01421,False,0.80031,0.9473
content_preservation,informal|bm25|k5,informal|hybrid_early|a0.3|k5,250,0.01345,0.00196,0.02525,True,0.01064,0.0228
content_preservation,informal|bm25|k5,informal|hybrid_early|a0.5|k10,250,-0.00377,-0.01778,0.01054,False,0.36745,0.6104
content_preservation,informal|bm25|k5,informal|hybrid_early|a0.5|k5,250,0.00965,-0.00481,0.02415,False,0.26147,0.2023
content_preservation,informal|bm25|k5,informal|hybrid_early|a0.7|k10,250,-0.00843,-0.02201,0.00499,False,0.31852,0.2274
content_preservation,informal|bm25|k5,informal|hybrid_early|a0.7|k5,250,0.00564,-0.00788,0.01967,False,0.23249,0.4194
content_preservation,informal|bm25|k5,informal|hybrid_early|a0.9|k10,250,-0.00329,-0.01634,0.00985,False,0.72995,0.6277
content_preservation,informal|bm25|k5,informal|hybrid_early|a0.9|k5,250,-0.0033,-0.01589,0.00935,False,0.76807,0.6137
content_preservation,informal|bm25|k5,informal|random|k10,250,0.04878,0.03296,0.06483,True,0.0,0.0
content_preservation,informal|bm25|k5,informal|random|k5,250,0.06009,0.04357,0.07724,True,0.0,0.0
content_preservation,informal|bm25|k5,informal|zero_shot|k5,250,0.22468,0.20135,0.24836,True,0.0,0.0
content_preservation,informal|centroid|k10,informal|centroid|k5,250,-0.00489,-0.02317,0.01361,False,0.36144,0.6021
content_preservation,informal|centroid|k10,informal|dense|k10,250,-0.03641,-0.05315,-0.01988,True,0.0031,0.0
content_preservation,informal|centroid|k10,informal|dense|k5,250,-0.03391,-0.05129,-0.01665,True,0.00189,0.0005
content_preservation,informal|centroid|k10,informal|hybrid_early|a0.1|k10,250,-0.0099,-0.02584,0.00656,False,0.30733,0.2265
content_preservation,informal|centroid|k10,informal|hybrid_early|a0.1|k5,250,0.00196,-0.01489,0.01867,False,0.40592,0.8154
content_preservation,informal|centroid|k10,informal|hybrid_early|a0.3|k10,250,-0.03134,-0.04651,-0.01631,True,0.00107,0.0
content_preservation,informal|centroid|k10,informal|hybrid_early|a0.3|k5,250,-0.01832,-0.03509,-0.00142,True,0.23975,0.0364
content_preservation,informal|centroid|k10,informal|hybrid_early|a0.5|k10,250,-0.03554,-0.05195,-0.01898,True,0.0002,0.0001
content_preservation,informal|centroid|k10,informal|hybrid_early|a0.5|k5,250,-0.02212,-0.04001,-0.00444,True,0.04298,0.0152
content_preservation,informal|centroid|k10,informal|hybrid_early|a0.7|k10,250,-0.04021,-0.05678,-0.02361,True,7e-05,0.0
content_preservation,informal|centroid|k10,informal|hybrid_early|a0.7|k5,250,-0.02613,-0.04446,-0.00814,True,0.00952,0.0047
content_preservation,informal|centroid|k10,informal|hybrid_early|a0.9|k10,250,-0.03507,-0.05128,-0.01905,True,0.00112,0.0
content_preservation,informal|centroid|k10,informal|hybrid_early|a0.9|k5,250,-0.03507,-0.05171,-0.01848,True,0.00097,0.0
content_preservation,informal|centroid|k10,informal|random|k10,250,0.01701,-0.00196,0.03537,False,0.00763,0.0729
content_preservation,informal|centroid|k10,informal|random|k5,250,0.02831,0.0099,0.04709,True,0.00051,0.004
content_preservation,informal|centroid|k10,informal|zero_shot|k5,250,0.1929,0.16803,0.21707,True,0.0,0.0
content_preservation,informal|centroid|k5,informal|dense|k10,250,-0.03152,-0.04811,-0.01551,True,0.00324,0.0001
content_preservation,informal|centroid|k5,informal|dense|k5,250,-0.02902,-0.04609,-0.01277,True,0.01696,0.0008
content_preservation,informal|centroid|k5,informal|hybrid_early|a0.1|k10,250,-0.00501,-0.02153,0.01125,False,0.89676,0.5536
content_preservation,informal|centroid|k5,informal|hybrid_early|a0.1|k5,250,0.00686,-0.00987,0.02299,False,0.03341,0.4081
content_preservation,informal|centroid|k5,informal|hybrid_early|a0.3|k10,250,-0.02644,-0.04326,-0.01067,True,0.00763,0.0011
content_preservation,informal|centroid|k5,informal|hybrid_early|a0.3|k5,250,-0.01343,-0.03041,0.00299,False,0.62928,0.1147
content_preservation,informal|centroid|k5,informal|hybrid_early|a0.5|k10,250,-0.03065,-0.04869,-0.01344,True,0.00471,0.0007
content_preservation,informal|centroid|k5,informal|hybrid_early|a0.5|k5,250,-0.01723,-0.03589,0.00063,False,0.16717,0.0649
content_preservation,informal|centroid|k5,informal|hybrid_early|a0.7|k10,250,-0.03531,-0.05259,-0.01883,True,0.00034,0.0
content_preservation,informal|centroid|k5,informal|hybrid_early|a0.7|k5,250,-0.02124,-0.0392,-0.00392,True,0.20785,0.0194
content_preservation,informal|centroid|k5,informal|hybrid_early|a0.9|k10,250,-0.03017,-0.04706,-0.01374,True,0.00279,0.0004
content_preservation,informal|centroid|k5,informal|hybrid_early|a0.9|k5,250,-0.03018,-0.04817,-0.01339,True,0.02019,0.0004
content_preservation,informal|centroid|k5,informal|random|k10,250,0.0219,0.00433,0.03927,True,0.00108,0.018
content_preservation,informal|centroid|k5,informal|random|k5,250,0.03321,0.01433,0.0523,True,0.0,0.0007
content_preservation,informal|centroid|k5,informal|zero_shot|k5,250,0.19779,0.17228,0.22349,True,0.0,0.0
content_preservation,informal|dense|k10,informal|dense|k5,250,0.0025,-0.00763,0.01261,False,0.46499,0.6382
content_preservation,informal|dense|k10,informal|hybrid_early|a0.1|k10,250,0.02651,0.01202,0.04117,True,0.0019,0.0004
content_preservation,informal|dense|k10,informal|hybrid_early|a0.1|k5,250,0.03837,0.02418,0.05199,True,0.0,0.0
content_preservation,informal|dense|k10,informal|hybrid_early|a0.3|k10,250,0.00507,-0.00854,0.01865,False,0.29293,0.4637
content_preservation,informal|dense|k10,informal|hybrid_early|a0.3|k5,250,0.01809,0.00587,0.03052,True,0.00081,0.0044
content_preservation,informal|dense|k10,informal|hybrid_early|a0.5|k10,250,0.00087,-0.01111,0.01316,False,0.57984,0.8889
content_preservation,informal|dense|k10,informal|hybrid_early|a0.5|k5,250,0.01429,0.00086,0.02792,True,0.15434,0.0409
content_preservation,informal|dense|k10,informal|hybrid_early|a0.7|k10,250,-0.0038,-0.01471,0.00744,False,0.35653,0.5071
content_preservation,informal|dense|k10,informal|hybrid_early|a0.7|k5,250,0.01028,-0.00267,0.02281,False,0.07547,0.1103
content_preservation,informal|dense|k10,informal|hybrid_early|a0.9|k10,250,0.00134,-0.00679,0.00963,False,0.76653,0.7468
content_preservation,informal|dense|k10,informal|hybrid_early|a0.9|k5,250,0.00134,-0.00957,0.01256,False,0.86414,0.8123
content_preservation,informal|dense|k10,informal|random|k10,250,0.05342,0.03627,0.07059,True,0.0,0.0
content_preservation,informal|dense|k10,informal|random|k5,250,0.06472,0.04853,0.08175,True,0.0,0.0
content_preservation,informal|dense|k10,informal|zero_shot|k5,250,0.22931,0.20715,0.25194,True,0.0,0.0
content_preservation,informal|dense|k5,informal|hybrid_early|a0.1|k10,250,0.02401,0.0089,0.03947,True,0.00757,0.0026
content_preservation,informal|dense|k5,informal|hybrid_early|a0.1|k5,250,0.03587,0.02172,0.0501,True,3e-05,0.0
content_preservation,informal|dense|k5,informal|hybrid_early|a0.3|k10,250,0.00257,-0.01051,0.01582,False,0.86149,0.704
content_preservation,informal|dense|k5,informal|hybrid_early|a0.3|k5,250,0.01559,0.00383,0.02786,True,0.01766,0.0113
content_preservation,informal|dense|k5,informal|hybrid_early|a0.5|k10,250,-0.00163,-0.01465,0.0118,False,0.17796,0.8104
content_preservation,informal|dense|k5,informal|hybrid_early|a0.5|k5,250,0.01179,-0.0005,0.02486,False,0.41842,0.0705
content_preservation,informal|dense|k5,informal|hybrid_early|a0.7|k10,250,-0.0063,-0.01753,0.00505,False,0.10281,0.285
content_preservation,informal|dense|k5,informal|hybrid_early|a0.7|k5,250,0.00778,-0.00345,0.01931,False,0.27832,0.1781
content_preservation,informal|dense|k5,informal|hybrid_early|a0.9|k10,250,-0.00116,-0.01236,0.00999,False,0.56495,0.8477
content_preservation,informal|dense|k5,informal|hybrid_early|a0.9|k5,250,-0.00116,-0.00925,0.00741,False,0.43392,0.7859
content_preservation,informal|dense|k5,informal|random|k10,250,0.05092,0.03515,0.06728,True,0.0,0.0
content_preservation,informal|dense|k5,informal|random|k5,250,0.06222,0.0471,0.07829,True,0.0,0.0
content_preservation,informal|dense|k5,informal|zero_shot|k5,250,0.22681,0.20462,0.24965,True,0.0,0.0
content_preservation,informal|hybrid_early|a0.1|k10,informal|hybrid_early|a0.1|k5,250,0.01186,-0.00185,0.02553,False,0.04786,0.0898
content_preservation,informal|hybrid_early|a0.1|k10,informal|hybrid_early|a0.3|k10,250,-0.02144,-0.03366,-0.00963,True,0.0047,0.0008
content_preservation,informal|hybrid_early|a0.1|k10,informal|hybrid_early|a0.3|k5,250,-0.00842,-0.02213,0.0051,False,0.48702,0.2237
content_preservation,informal|hybrid_early|a0.1|k10,informal|hybrid_early|a0.5|k10,250,-0.02565,-0.04063,-0.0109,True,0.00075,0.0009
content_preservation,informal|hybrid_early|a0.1|k10,informal|hybrid_early|a0.5|k5,250,-0.01223,-0.02809,0.00316,False,0.06764,0.1149
content_preservation,informal|hybrid_early|a0.1|k10,informal|hybrid_early|a0.7|k10,250,-0.03031,-0.04537,-0.01558,True,0.00017,0.0
content_preservation,informal|hybrid_early|a0.1|k10,informal|hybrid_early|a0.7|k5,250,-0.01623,-0.03124,-0.00161,True,0.05871,0.0311
content_preservation,informal|hybrid_early|a0.1|k10,informal|hybrid_early|a0.9|k10,250,-0.02517,-0.04052,-0.01018,True,0.00382,0.0005
content_preservation,informal|hybrid_early|a0.1|k10,informal|hybrid_early|a0.9|k5,250,-0.02517,-0.03976,-0.01076,True,0.00204,0.0006
content_preservation,informal|hybrid_early|a0.1|k10,informal|random|k10,250,0.02691,0.0097,0.04363,True,0.00072,0.0022
content_preservation,informal|hybrid_early|a0.1|k10,informal|random|k5,250,0.03821,0.02085,0.05546,True,0.0,0.0
content_preservation,informal|hybrid_early|a0.1|k10,informal|zero_shot|k5,250,0.2028,0.17725,0.22816,True,0.0,0.0
content_preservation,informal|hybrid_early|a0.1|k5,informal|hybrid_early|a0.3|k10,250,-0.0333,-0.04682,-0.02037,True,1e-05,0.0
content_preservation,informal|hybrid_early|a0.1|k5,informal|hybrid_early|a0.3|k5,250,-0.02028,-0.03476,-0.00629,True,0.02005,0.0061
content_preservation,informal|hybrid_early|a0.1|k5,informal|hybrid_early|a0.5|k10,250,-0.03751,-0.0528,-0.02218,True,0.0,0.0
content_preservation,informal|hybrid_early|a0.1|k5,informal|hybrid_early|a0.5|k5,250,-0.02409,-0.0387,-0.00932,True,0.00214,0.0017
content_preservation,informal|hybrid_early|a0.1|k5,informal|hybrid_early|a0.7|k10,250,-0.04217,-0.05567,-0.02866,True,0.0,0.0
content_preservation,informal|hybrid_early|a0.1|k5,informal|hybrid_early|a0.7|k5,250,-0.02809,-0.04253,-0.01346,True,0.00056,0.0003
content_preservation,informal|hybrid_early|a0.1|k5,informal|hybrid_early|a0.9|k10,250,-0.03703,-0.05066,-0.0236,True,0.0,0.0
content_preservation,informal|hybrid_early|a0.1|k5,informal|hybrid_early|a0.9|k5,250,-0.03704,-0.05052,-0.02356,True,1e-05,0.0
content_preservation,informal|hybrid_early|a0.1|k5,informal|random|k10,250,0.01504,-0.00205,0.03255,False,0.04208,0.0881
content_preservation,informal|hybrid_early|a0.1|k5,informal|random|k5,250,0.02635,0.0083,0.04437,True,0.00029,0.0055
content_preservation,informal|hybrid_early|a0.1|k5,informal|zero_shot|k5,250,0.19094,0.16607,0.21671,True,0.0,0.0
content_preservation,informal|hybrid_early|a0.3|k10,informal|hybrid_early|a0.3|k5,250,0.01302,0.00229,0.02433,True,0.01879,0.0209
content_preservation,informal|hybrid_early|a0.3|k10,informal|hybrid_early|a0.5|k10,250,-0.00421,-0.01603,0.00811,False,0.18178,0.5007
content_preservation,informal|hybrid_early|a0.3|k10,informal|hybrid_early|a0.5|k5,250,0.00921,-0.00463,0.02343,False,0.55199,0.1935
content_preservation,informal|hybrid_early|a0.3|k10,informal|hybrid_early|a0.7|k10,250,-0.00887,-0.02148,0.004,False,0.12204,0.1723
content_preservation,informal|hybrid_early|a0.3|k10,informal|hybrid_early|a0.7|k5,250,0.00521,-0.00734,0.01772,False,0.39161,0.4208
content_preservation,informal|hybrid_early|a0.3|k10,informal|hybrid_early|a0.9|k10,250,-0.00373,-0.01709,0.0101,False,0.36416,0.588
content_preservation,informal|hybrid_early|a0.3|k10,informal|hybrid_early|a0.9|k5,250,-0.00374,-0.01615,0.00865,False,0.9723,0.5644
content_preservation,informal|hybrid_early|a0.3|k10,informal|random|k10,250,0.04834,0.03232,0.0642,True,0.0,0.0
content_preservation,informal|hybrid_early|a0.3|k10,informal|random|k5,250,0.05965,0.04437,0.07543,True,0.0,0.0
content_preservation,informal|hybrid_early|a0.3|k10,informal|zero_shot|k5,250,0.22424,0.20004,0.24819,True,0.0,0.0
content_preservation,informal|hybrid_early|a0.3|k5,informal|hybrid_early|a0.5|k10,250,-0.01722,-0.02907,-0.00559,True,0.00028,0.0042
content_preservation,informal|hybrid_early|a0.3|k5,informal|hybrid_early|a0.5|k5,250,-0.0038,-0.01675,0.00923,False,0.23228,0.5631
content_preservation,informal|hybrid_early|a0.3|k5,informal|hybrid_early|a0.7|k10,250,-0.02189,-0.03407,-0.01015,True,4e-05,0.0003
content_preservation,informal|hybrid_early|a0.3|k5,informal|hybrid_early|a0.7|k5,250,-0.00781,-0.02026,0.0045,False,0.18749,0.2085
content_preservation,informal|hybrid_early|a0.3|k5,informal|hybrid_early|a0.9|k10,250,-0.01675,-0.02946,-0.0039,True,0.00071,0.0117
content_preservation,informal|hybrid_early|a0.3|k5,informal|hybrid_early|a0.9|k5,250,-0.01675,-0.02822,-0.0054,True,0.00645,0.0033
content_preservation,informal|hybrid_early|a0.3|k5,informal|random|k10,250,0.03533,0.01904,0.05162,True,1e-05,0.0
content_preservation,informal|hybrid_early|a0.3|k5,informal|random|k5,250,0.04663,0.03087,0.06272,True,0.0,0.0
content_preservation,informal|hybrid_early|a0.3|k5,informal|zero_shot|k5,250,0.21122,0.18816,0.23444,True,0.0,0.0
content_preservation,informal|hybrid_early|a0.5|k10,informal|hybrid_early|a0.5|k5,250,0.01342,0.00018,0.02677,True,0.01857,0.05
content_preservation,informal|hybrid_early|a0.5|k10,informal|hybrid_early|a0.7|k10,250,-0.00466,-0.01627,0.0069,False,0.41296,0.4308
content_preservation,informal|hybrid_early|a0.5|k10,informal|hybrid_early|a0.7|k5,250,0.00941,-0.00405,0.02298,False,0.04816,0.1786
content_preservation,informal|hybrid_early|a0.5|k10,informal|hybrid_early|a0.9|k10,250,0.00048,-0.01199,0.01279,False,0.4747,0.9419
content_preservation,informal|hybrid_early|a0.5|k10,informal|hybrid_early|a0.9|k5,250,0.00047,-0.0118,0.01249,False,0.43211,0.9354
content_preservation,informal|hybrid_early|a0.5|k10,informal|random|k10,250,0.05255,0.03627,0.06868,True,0.0,0.0
content_preservation,informal|hybrid_early|a0.5|k10,informal|random|k5,250,0.06386,0.04763,0.08011,True,0.0,0.0
content_preservation,informal|hybrid_early|a0.5|k10,informal|zero_shot|k5,250,0.22844,0.20441,0.25251,True,0.0,0.0
content_preservation,informal|hybrid_early|a0.5|k5,informal|hybrid_early|a0.7|k10,250,-0.01808,-0.03102,-0.00538,True,0.00136,0.0056
content_preservation,informal|hybrid_early|a0.5|k5,informal|hybrid_early|a0.7|k5,250,-0.00401,-0.0151,0.00656,False,0.88703,0.477
content_preservation,informal|hybrid_early|a0.5|k5,informal|hybrid_early|a0.9|k10,250,-0.01294,-0.02686,0.00127,False,0.17493,0.0668
content_preservation,informal|hybrid_early|a0.5|k5,informal|hybrid_early|a0.9|k5,250,-0.01295,-0.02573,-0.00026,True,0.11392,0.0458
content_preservation,informal|hybrid_early|a0.5|k5,informal|random|k10,250,0.03913,0.02168,0.05668,True,0.0,0.0
content_preservation,informal|hybrid_early|a0.5|k5,informal|random|k5,250,0.05044,0.03351,0.0674,True,0.0,0.0
content_preservation,informal|hybrid_early|a0.5|k5,informal|zero_shot|k5,250,0.21502,0.19092,0.23953,True,0.0,0.0
content_preservation,informal|hybrid_early|a0.7|k10,informal|hybrid_early|a0.7|k5,250,0.01408,0.00183,0.02648,True,0.00251,0.0306
content_preservation,informal|hybrid_early|a0.7|k10,informal|hybrid_early|a0.9|k10,250,0.00514,-0.00643,0.01634,False,0.1592,0.3788
content_preservation,informal|hybrid_early|a0.7|k10,informal|hybrid_early|a0.9|k5,250,0.00514,-0.00598,0.01596,False,0.09028,0.3585
content_preservation,informal|hybrid_early|a0.7|k10,informal|random|k10,250,0.05722,0.0404,0.07451,True,0.0,0.0
content_preservation,informal|hybrid_early|a0.7|k10,informal|random|k5,250,0.06852,0.05218,0.08527,True,0.0,0.0
content_preservation,informal|hybrid_early|a0.7|k10,informal|zero_shot|k5,250,0.23311,0.21038,0.25693,True,0.0,0.0
content_preservation,informal|hybrid_early|a0.7|k5,informal|hybrid_early|a0.9|k10,250,-0.00894,-0.02151,0.004,False,0.14296,0.169
content_preservation,informal|hybrid_early|a0.7|k5,informal|hybrid_early|a0.9|k5,250,-0.00894,-0.01962,0.00186,False,0.06426,0.1001
content_preservation,informal|hybrid_early|a0.7|k5,informal|random|k10,250,0.04314,0.02533,0.06107,True,1e-05,0.0
content_preservation,informal|hybrid_early|a0.7|k5,informal|random|k5,250,0.05444,0.03748,0.07142,True,0.0,0.0
content_preservation,informal|hybrid_early|a0.7|k5,informal|zero_shot|k5,250,0.21903,0.19577,0.24215,True,0.0,0.0
content_preservation,informal|hybrid_early|a0.9|k10,informal|hybrid_early|a0.9|k5,250,-0.0,-0.0114,0.01137,False,0.5709,0.9994
content_preservation,informal|hybrid_early|a0.9|k10,informal|random|k10,250,0.05208,0.0347,0.06956,True,0.0,0.0
content_preservation,informal|hybrid_early|a0.9|k10,informal|random|k5,250,0.06338,0.04689,0.0804,True,0.0,0.0
content_preservation,informal|hybrid_early|a0.9|k10,informal|zero_shot|k5,250,0.22797,0.20553,0.25049,True,0.0,0.0
content_preservation,informal|hybrid_early|a0.9|k5,informal|random|k10,250,0.05208,0.03684,0.06729,True,0.0,0.0
content_preservation,informal|hybrid_early|a0.9|k5,informal|random|k5,250,0.06339,0.04756,0.07992,True,0.0,0.0
content_preservation,informal|hybrid_early|a0.9|k5,informal|zero_shot|k5,250,0.22797,0.20467,0.25145,True,0.0,0.0
content_preservation,informal|random|k10,informal|random|k5,250,0.01131,-0.00479,0.028,False,0.05451,0.1781
content_preservation,informal|random|k10,informal|zero_shot|k5,250,0.17589,0.15017,0.20172,True,0.0,0.0
content_preservation,informal|random|k5,informal|zero_shot|k5,250,0.16459,0.13904,0.18968,True,0.0,0.0
