file,style_target,retrieval_method,alpha,n,sumber_eksemplar,overlap8_mean,pct_output_dengan_overlap,pct_output_overlap_tinggi
evaluated_v2_STIF_formal_fewshot_bm25_10_seed42_results.csv,formal,bm25,nan,250,kolom retrieved_exemplars,0.0,0.0,0.0
evaluated_v2_STIF_formal_fewshot_bm25_5_seed42_results.csv,formal,bm25,nan,250,kolom retrieved_exemplars,0.0018,1.0,0.0
evaluated_v2_STIF_formal_fewshot_centroid_10_seed42_results.csv,formal,centroid,nan,250,kolom retrieved_exemplars,0.0013,0.5,0.5
evaluated_v2_STIF_formal_fewshot_centroid_5_seed42_results.csv,formal,centroid,nan,250,kolom retrieved_exemplars,0.0,0.0,0.0
evaluated_v2_STIF_formal_fewshot_dense_10_seed42_results.csv,formal,dense,nan,250,kolom retrieved_exemplars,0.0025,0.5,0.5
evaluated_v2_STIF_formal_fewshot_dense_5_seed42_results.csv,formal,dense,nan,250,kolom retrieved_exemplars,0.0072,1.0,1.0
evaluated_v2_STIF_formal_fewshot_hybrid_early_alpha0.1_10_seed42_results.csv,formal,hybrid_early,0.1,250,kolom retrieved_exemplars,0.0079,1.4,0.9
evaluated_v2_STIF_formal_fewshot_hybrid_early_alpha0.1_5_seed42_results.csv,formal,hybrid_early,0.1,250,kolom retrieved_exemplars,0.0142,1.8,1.4
evaluated_v2_STIF_formal_fewshot_hybrid_early_alpha0.3_10_seed42_results.csv,formal,hybrid_early,0.3,250,kolom retrieved_exemplars,0.0003,0.5,0.0
evaluated_v2_STIF_formal_fewshot_hybrid_early_alpha0.3_5_seed42_results.csv,formal,hybrid_early,0.3,250,kolom retrieved_exemplars,0.0103,1.8,0.9
evaluated_v2_STIF_formal_fewshot_hybrid_early_alpha0.5_10_seed42_results.csv,formal,hybrid_early,0.5,250,kolom retrieved_exemplars,0.0014,0.5,0.5
evaluated_v2_STIF_formal_fewshot_hybrid_early_alpha0.5_5_seed42_results.csv,formal,hybrid_early,0.5,250,kolom retrieved_exemplars,0.0025,0.9,0.5
evaluated_v2_STIF_formal_fewshot_hybrid_early_alpha0.7_10_seed42_results.csv,formal,hybrid_early,0.7,250,kolom retrieved_exemplars,0.0034,1.0,0.5
evaluated_v2_STIF_formal_fewshot_hybrid_early_alpha0.7_5_seed42_results.csv,formal,hybrid_early,0.7,250,kolom retrieved_exemplars,0.0,0.0,0.0
evaluated_v2_STIF_formal_fewshot_hybrid_early_alpha0.9_10_seed42_results.csv,formal,hybrid_early,0.9,250,kolom retrieved_exemplars,0.0098,1.0,1.0
evaluated_v2_STIF_formal_fewshot_hybrid_early_alpha0.9_5_seed42_results.csv,formal,hybrid_early,0.9,250,kolom retrieved_exemplars,0.0038,1.0,1.0
evaluated_v2_STIF_formal_fewshot_random_10_seed42_results.csv,formal,random,nan,250,kolom retrieved_exemplars,0.0,0.0,0.0
evaluated_v2_STIF_formal_fewshot_random_5_seed42_results.csv,formal,random,nan,250,kolom retrieved_exemplars,0.0048,0.5,0.5
evaluated_v2_STIF_formal_fewshot_zero_shot_5_seed42_results.csv,formal,zero_shot,nan,250,kolom retrieved_exemplars,0.0,0.0,0.0
evaluated_v2_STIF_informal_fewshot_bm25_10_seed42_results.csv,informal,bm25,nan,250,kolom retrieved_exemplars,0.0121,1.5,1.5
evaluated_v2_STIF_informal_fewshot_bm25_5_seed42_results.csv,informal,bm25,nan,250,kolom retrieved_exemplars,0.0012,0.5,0.5
evaluated_v2_STIF_informal_fewshot_centroid_10_seed42_results.csv,informal,centroid,nan,250,kolom retrieved_exemplars,0.0121,2.2,1.8
evaluated_v2_STIF_informal_fewshot_centroid_5_seed42_results.csv,informal,centroid,nan,250,kolom retrieved_exemplars,0.0118,1.7,1.7
evaluated_v2_STIF_informal_fewshot_dense_10_seed42_results.csv,informal,dense,nan,250,kolom retrieved_exemplars,0.0115,1.5,1.5
evaluated_v2_STIF_informal_fewshot_dense_5_seed42_results.csv,informal,dense,nan,250,kolom retrieved_exemplars,0.0025,0.5,0.5
evaluated_v2_STIF_informal_fewshot_hybrid_early_alpha0.1_10_seed42_results.csv,informal,hybrid_early,0.1,250,kolom retrieved_exemplars,0.0084,1.4,1.4
evaluated_v2_STIF_informal_fewshot_hybrid_early_alpha0.1_5_seed42_results.csv,informal,hybrid_early,0.1,250,kolom retrieved_exemplars,0.0125,1.8,1.8
evaluated_v2_STIF_informal_fewshot_hybrid_early_alpha0.3_10_seed42_results.csv,informal,hybrid_early,0.3,250,kolom retrieved_exemplars,0.0021,0.5,0.5
evaluated_v2_STIF_informal_fewshot_hybrid_early_alpha0.3_5_seed42_results.csv,informal,hybrid_early,0.3,250,kolom retrieved_exemplars,0.0095,0.9,0.9
evaluated_v2_STIF_informal_fewshot_hybrid_early_alpha0.5_10_seed42_results.csv,informal,hybrid_early,0.5,250,kolom retrieved_exemplars,0.0075,1.0,1.0
evaluated_v2_STIF_informal_fewshot_hybrid_early_alpha0.5_5_seed42_results.csv,informal,hybrid_early,0.5,250,kolom retrieved_exemplars,0.0114,1.4,1.4
evaluated_v2_STIF_informal_fewshot_hybrid_early_alpha0.7_10_seed42_results.csv,informal,hybrid_early,0.7,250,kolom retrieved_exemplars,0.012,1.5,1.5
evaluated_v2_STIF_informal_fewshot_hybrid_early_alpha0.7_5_seed42_results.csv,informal,hybrid_early,0.7,250,kolom retrieved_exemplars,0.0117,1.4,1.4
evaluated_v2_STIF_informal_fewshot_hybrid_early_alpha0.9_10_seed42_results.csv,informal,hybrid_early,0.9,250,kolom retrieved_exemplars,0.0194,2.4,2.0
evaluated_v2_STIF_informal_fewshot_hybrid_early_alpha0.9_5_seed42_results.csv,informal,hybrid_early,0.9,250,kolom retrieved_exemplars,0.0,0.0,0.0
evaluated_v2_STIF_informal_fewshot_random_10_seed42_results.csv,informal,random,nan,250,kolom retrieved_exemplars,0.0,0.0,0.0
evaluated_v2_STIF_informal_fewshot_random_5_seed42_results.csv,informal,random,nan,250,kolom retrieved_exemplars,0.0037,1.0,0.5
evaluated_v2_STIF_informal_fewshot_zero_shot_5_seed42_results.csv,informal,zero_shot,nan,250,kolom retrieved_exemplars,0.0,0.0,0.0
