metrik,target_dan_metode,k_besar,k_kecil,selisih_kbesar_kurang_kkecil,ci95_bawah,ci95_atas,bermakna_95,n_pasangan
content_preservation,formal|bm25,10,5,0.03177,0.0175,0.04623,True,250
content_preservation,formal|centroid,10,5,0.04411,0.02779,0.06005,True,250
content_preservation,formal|dense,10,5,0.00845,-0.00267,0.01951,False,250
content_preservation,formal|hybrid_early|a0.1,10,5,0.0182,0.00454,0.03209,True,250
content_preservation,formal|hybrid_early|a0.3,10,5,0.0195,0.00432,0.03511,True,250
content_preservation,formal|hybrid_early|a0.5,10,5,0.01208,-0.00065,0.02463,False,250
content_preservation,formal|hybrid_early|a0.7,10,5,0.01539,0.00519,0.02599,True,250
content_preservation,formal|hybrid_early|a0.9,10,5,0.016,0.00423,0.02838,True,250
content_preservation,formal|random,10,5,0.01537,0.00025,0.02991,True,250
content_preservation,informal|bm25,10,5,0.00248,-0.00975,0.0139,False,250
content_preservation,informal|centroid,10,5,-0.00489,-0.02317,0.01361,False,250
content_preservation,informal|dense,10,5,0.0025,-0.00763,0.01261,False,250
content_preservation,informal|hybrid_early|a0.1,10,5,0.01186,-0.00185,0.02553,False,250
content_preservation,informal|hybrid_early|a0.3,10,5,0.01302,0.00229,0.02433,True,250
content_preservation,informal|hybrid_early|a0.5,10,5,0.01342,0.00018,0.02677,True,250
content_preservation,informal|hybrid_early|a0.7,10,5,0.01408,0.00183,0.02648,True,250
content_preservation,informal|hybrid_early|a0.9,10,5,-0.0,-0.0114,0.01137,False,250
content_preservation,informal|random,10,5,0.01131,-0.00479,0.028,False,250
content_preservation_LaBSE,formal|bm25,10,5,0.0227,0.00706,0.03793,True,250
content_preservation_LaBSE,formal|centroid,10,5,0.01889,0.00265,0.03515,True,250
content_preservation_LaBSE,formal|dense,10,5,0.00579,-0.00876,0.02028,False,250
content_preservation_LaBSE,formal|hybrid_early|a0.1,10,5,0.02384,0.01068,0.03697,True,250
content_preservation_LaBSE,formal|hybrid_early|a0.3,10,5,0.01306,-0.0022,0.02861,False,250
content_preservation_LaBSE,formal|hybrid_early|a0.5,10,5,0.00249,-0.0114,0.01579,False,250
content_preservation_LaBSE,formal|hybrid_early|a0.7,10,5,0.00766,-0.00621,0.02143,False,250
content_preservation_LaBSE,formal|hybrid_early|a0.9,10,5,0.00278,-0.01161,0.01722,False,250
content_preservation_LaBSE,formal|random,10,5,0.00576,-0.00942,0.02081,False,250
content_preservation_LaBSE,informal|bm25,10,5,0.002,-0.01067,0.01451,False,250
content_preservation_LaBSE,informal|centroid,10,5,-0.00455,-0.02141,0.01232,False,250
content_preservation_LaBSE,informal|dense,10,5,-0.00406,-0.01781,0.00941,False,250
content_preservation_LaBSE,informal|hybrid_early|a0.1,10,5,0.00132,-0.01335,0.01581,False,250
content_preservation_LaBSE,informal|hybrid_early|a0.3,10,5,-0.00133,-0.01568,0.01306,False,250
content_preservation_LaBSE,informal|hybrid_early|a0.5,10,5,0.00261,-0.01336,0.01876,False,250
content_preservation_LaBSE,informal|hybrid_early|a0.7,10,5,0.00447,-0.01017,0.01856,False,250
content_preservation_LaBSE,informal|hybrid_early|a0.9,10,5,-0.00531,-0.01965,0.00877,False,250
content_preservation_LaBSE,informal|random,10,5,-0.00079,-0.01712,0.01576,False,250
content_preservation_mE5,formal|bm25,10,5,0.009,0.00472,0.01322,True,250
content_preservation_mE5,formal|centroid,10,5,0.01692,0.01286,0.02096,True,250
content_preservation_mE5,formal|dense,10,5,0.00515,0.00144,0.00886,True,250
content_preservation_mE5,formal|hybrid_early|a0.1,10,5,0.01211,0.00817,0.0161,True,250
content_preservation_mE5,formal|hybrid_early|a0.3,10,5,0.00635,0.00222,0.01062,True,250
content_preservation_mE5,formal|hybrid_early|a0.5,10,5,0.0029,-0.00089,0.00655,False,250
content_preservation_mE5,formal|hybrid_early|a0.7,10,5,0.00582,0.00223,0.00947,True,250
content_preservation_mE5,formal|hybrid_early|a0.9,10,5,0.00478,0.00096,0.00876,True,250
content_preservation_mE5,formal|random,10,5,0.00496,0.00129,0.00852,True,250
content_preservation_mE5,informal|bm25,10,5,-0.0014,-0.00471,0.00182,False,250
content_preservation_mE5,informal|centroid,10,5,-0.00537,-0.0103,-0.00049,True,250
content_preservation_mE5,informal|dense,10,5,-0.00166,-0.00533,0.00191,False,250
content_preservation_mE5,informal|hybrid_early|a0.1,10,5,0.0031,-0.00095,0.00715,False,250
content_preservation_mE5,informal|hybrid_early|a0.3,10,5,0.00124,-0.00253,0.00488,False,250
content_preservation_mE5,informal|hybrid_early|a0.5,10,5,0.0,-0.00418,0.0042,False,250
content_preservation_mE5,informal|hybrid_early|a0.7,10,5,0.00227,-0.00168,0.00615,False,250
content_preservation_mE5,informal|hybrid_early|a0.9,10,5,-0.00092,-0.0048,0.0028,False,250
content_preservation_mE5,informal|random,10,5,-0.00074,-0.00496,0.00348,False,250
replication_rate_8,formal|bm25,10,5,-0.00147,-0.00373,0.0,False,250
replication_rate_8,formal|centroid,10,5,0.00111,0.0,0.00333,False,250
replication_rate_8,formal|dense,10,5,-0.004,-0.014,0.004,False,250
replication_rate_8,formal|hybrid_early|a0.1,10,5,-0.00583,-0.02117,0.008,False,250
replication_rate_8,formal|hybrid_early|a0.3,10,5,-0.00882,-0.02142,-2e-05,True,250
replication_rate_8,formal|hybrid_early|a0.5,10,5,-0.00099,-0.00507,0.00263,False,250
replication_rate_8,formal|hybrid_early|a0.7,10,5,0.0028,0.0,0.0076,False,250
replication_rate_8,formal|hybrid_early|a0.9,10,5,0.00486,-0.00543,0.01857,False,250
replication_rate_8,formal|random,10,5,-0.004,-0.012,0.0,False,250
replication_rate_8,informal|bm25,10,5,0.00879,0.0,0.02058,False,250
replication_rate_8,informal|centroid,10,5,4e-05,-0.01597,0.01547,False,250
replication_rate_8,informal|dense,10,5,0.00727,-0.00273,0.02,False,250
replication_rate_8,informal|hybrid_early|a0.1,10,5,-0.00385,-0.01982,0.0108,False,250
replication_rate_8,informal|hybrid_early|a0.3,10,5,-0.00618,-0.02,0.00364,False,250
replication_rate_8,informal|hybrid_early|a0.5,10,5,-0.0036,-0.014,0.0044,False,250
replication_rate_8,informal|hybrid_early|a0.7,10,5,-0.00018,-0.018,0.016,False,250
replication_rate_8,informal|hybrid_early|a0.9,10,5,0.01594,0.00327,0.032,True,250
replication_rate_8,informal|random,10,5,-0.00295,-0.00857,0.0,False,250
style_accuracy,formal|bm25,10,5,-0.012,-0.052,0.028,False,250
style_accuracy,formal|centroid,10,5,-0.148,-0.204,-0.088,True,250
style_accuracy,formal|dense,10,5,0.024,-0.02,0.068,False,250
style_accuracy,formal|hybrid_early|a0.1,10,5,-0.04,-0.096,0.02,False,250
style_accuracy,formal|hybrid_early|a0.3,10,5,-0.02,-0.072,0.028,False,250
style_accuracy,formal|hybrid_early|a0.5,10,5,0.024,-0.024,0.072,False,250
style_accuracy,formal|hybrid_early|a0.7,10,5,-0.008,-0.056,0.04,False,250
style_accuracy,formal|hybrid_early|a0.9,10,5,0.024,-0.02,0.068,False,250
style_accuracy,formal|random,10,5,-0.016,-0.052,0.016,False,250
style_accuracy,informal|bm25,10,5,0.032,-0.004,0.068,False,250
style_accuracy,informal|centroid,10,5,0.004,-0.028,0.04,False,250
style_accuracy,informal|dense,10,5,0.016,-0.008,0.04,False,250
style_accuracy,informal|hybrid_early|a0.1,10,5,0.012,-0.016,0.04,False,250
style_accuracy,informal|hybrid_early|a0.3,10,5,0.004,-0.012,0.02,False,250
style_accuracy,informal|hybrid_early|a0.5,10,5,0.008,-0.012,0.028,False,250
style_accuracy,informal|hybrid_early|a0.7,10,5,0.024,-0.008,0.056,False,250
style_accuracy,informal|hybrid_early|a0.9,10,5,0.016,-0.008,0.044,False,250
style_accuracy,informal|random,10,5,-0.02,-0.044,0.004,False,250
style_strength_calibrated,formal|bm25,10,5,-0.01472,-0.04372,0.01398,False,250
style_strength_calibrated,formal|centroid,10,5,-0.12021,-0.15539,-0.08462,True,250
style_strength_calibrated,formal|dense,10,5,0.0006,-0.02897,0.03074,False,250
style_strength_calibrated,formal|hybrid_early|a0.1,10,5,-0.03661,-0.07386,0.00151,False,250
style_strength_calibrated,formal|hybrid_early|a0.3,10,5,-0.02637,-0.06155,0.00899,False,250
style_strength_calibrated,formal|hybrid_early|a0.5,10,5,0.00523,-0.02604,0.03743,False,250
style_strength_calibrated,formal|hybrid_early|a0.7,10,5,-0.01262,-0.04189,0.01697,False,250
style_strength_calibrated,formal|hybrid_early|a0.9,10,5,-0.00139,-0.02961,0.02761,False,250
style_strength_calibrated,formal|random,10,5,-0.02576,-0.04819,-0.00395,True,250
style_strength_calibrated,informal|bm25,10,5,0.02981,0.00321,0.05736,True,250
style_strength_calibrated,informal|centroid,10,5,0.00013,-0.02785,0.02878,False,250
style_strength_calibrated,informal|dense,10,5,0.01137,-0.00828,0.03031,False,250
style_strength_calibrated,informal|hybrid_early|a0.1,10,5,0.02067,-0.00173,0.04227,False,250
style_strength_calibrated,informal|hybrid_early|a0.3,10,5,0.01324,-0.00213,0.02936,False,250
style_strength_calibrated,informal|hybrid_early|a0.5,10,5,0.02069,0.00547,0.03668,True,250
style_strength_calibrated,informal|hybrid_early|a0.7,10,5,0.01956,-0.00284,0.04216,False,250
style_strength_calibrated,informal|hybrid_early|a0.9,10,5,0.01719,-0.00109,0.03672,False,250
style_strength_calibrated,informal|random,10,5,-0.01354,-0.03109,0.00439,False,250
